DEPT,SP,CALM,CALD,CALN,GR,MINV,MNOR,LWTLB,DRHO,SFL,RHOB,NPLS,PE,CILD,ILD,DPLS,PIRM
2830.0,,,,,,,,,,,,,,,,,
2830.5,50.63,9.05,9.1,9.25,77.7,25.43,22.83,1077.2,0.0,13.51,2.7,5.2,4.66,145.33,6.88,0.32,
2831.0,49.94,9.05,9.11,9.25,95.61,24.69,17.61,1081.17,-0.0,9.93,2.67,6.4,4.18,160.89,6.22,2.13,5.92
2831.5,48.8,9.06,9.11,9.28,121.6,19.74,12.5,1084.09,-0.01,7.03,2.62,9.43,3.97,180.03,5.55,5.43,4.94
2832.0,47.42,9.12,9.11,9.26,154.57,11.12,6.7,1083.47,-0.0,5.39,2.56,14.59,3.75,204.15,4.9,9.05,4.0
2832.5,46.03,9.14,9.11,9.53,187.12,4.1,3.38,1077.55,0.0,4.76,2.48,19.22,3.53,228.68,4.37,13.21,3.39
2833.0,44.61,9.22,9.19,10.07,213.77,3.28,2.82,1068.91,0.01,4.65,2.39,23.93,3.27,247.81,4.04,18.95,3.22
2833.5,43.22,9.33,9.96,9.77,225.92,2.23,2.53,1062.14,0.02,4.84,2.28,28.47,2.92,259.86,3.85,24.92,3.41
2834.0,42.05,9.58,9.92,9.52,194.43,2.1,2.21,1060.69,0.03,5.03,2.21,32.99,2.56,260.48,3.84,29.52,3.77
2834.5,41.78,10.12,10.01,9.6,132.4,1.98,2.39,1064.96,0.05,5.19,2.2,32.26,2.35,250.84,3.99,29.8,4.17
2835.0,42.24,10.79,10.05,9.57,93.36,2.0,2.3,1070.49,0.07,5.23,2.22,30.15,2.46,236.51,4.23,28.64,4.57
2835.5,42.62,11.19,9.62,9.47,80.76,2.16,2.44,1075.32,0.13,5.28,2.26,31.92,2.66,217.29,4.6,26.35,4.97
2836.0,42.64,10.69,9.16,9.41,77.06,2.4,2.44,1078.29,0.25,5.66,2.38,32.55,2.74,199.82,5.0,19.23,5.35
2836.5,42.68,10.08,9.15,9.37,79.78,2.69,2.68,1079.74,0.33,6.46,2.5,28.74,2.75,187.91,5.32,12.02,5.65
2837.0,43.05,9.58,9.15,9.39,83.54,3.96,3.85,1079.71,0.27,7.29,2.56,25.5,2.91,179.73,5.56,8.9,5.76
2837.5,43.41,9.27,9.15,9.43,88.57,6.02,5.47,1078.41,0.15,7.57,2.55,22.48,3.22,173.83,5.75,9.37,5.68
2838.0,43.2,9.21,9.15,9.42,92.53,6.47,5.67,1074.2,0.07,7.3,2.53,19.96,3.52,170.53,5.86,10.33,5.54
2838.5,42.28,9.43,9.15,9.38,95.32,5.04,4.93,1067.59,0.05,6.95,2.53,19.87,3.75,170.74,5.86,10.78,5.43
2839.0,40.88,9.48,9.15,9.36,92.76,2.87,3.57,1061.27,0.06,6.85,2.54,22.3,3.66,175.01,5.71,9.99,5.38
2839.5,39.5,9.35,9.15,9.38,91.06,2.57,3.61,1058.6,0.07,7.0,2.57,25.1,3.44,181.94,5.5,8.38,5.33
2840.0,38.42,9.32,9.16,9.37,94.53,2.83,3.65,1062.51,0.05,7.22,2.56,25.64,3.25,189.46,5.28,8.81,5.26
2840.5,37.59,9.31,9.18,9.36,94.99,3.25,3.67,1070.01,0.03,7.36,2.51,23.94,3.33,192.99,5.18,11.84,5.2
2841.0,36.92,9.18,9.17,9.41,92.19,3.24,3.31,1076.33,0.07,7.31,2.46,21.85,3.55,188.67,5.3,14.55,5.26
2841.5,36.49,9.2,9.16,9.33,94.96,3.11,3.07,1079.55,0.19,7.3,2.5,21.85,3.61,176.2,5.68,12.42,5.58
2842.0,36.44,9.27,9.26,9.33,92.23,2.59,3.06,1081.29,0.33,8.13,2.58,24.16,3.49,159.22,6.28,7.56,6.34
2842.5,36.88,9.36,9.07,9.33,86.2,2.65,3.43,1082.92,0.44,10.83,2.69,27.5,3.34,138.33,7.23,1.01,7.7
2843.0,37.89,9.39,9.07,9.33,80.1,4.73,4.43,1083.85,0.46,15.89,2.81,25.05,3.28,122.74,8.15,-5.62,9.76
2843.5,39.43,9.08,9.09,9.33,68.49,13.31,11.73,1080.6,0.32,21.26,2.82,15.92,3.31,110.29,9.07,-6.39,11.86
2844.0,41.17,9.08,9.1,9.33,56.0,20.88,15.22,1069.67,0.13,24.15,2.75,9.22,3.46,106.35,9.4,-2.57,12.47
2844.5,42.46,9.08,9.1,9.28,48.97,25.11,19.14,1054.73,0.04,23.5,2.72,5.91,3.69,111.31,8.98,-0.54,10.88
2845.0,42.99,9.11,9.13,9.32,46.68,24.02,16.59,1041.58,0.01,20.22,2.7,4.42,3.96,122.87,8.14,0.51,8.37
2845.5,42.69,9.13,9.15,9.57,49.42,21.6,18.04,1033.31,-0.01,15.46,2.63,4.0,4.27,136.52,7.32,4.54,6.35
2846.0,41.55,9.13,9.22,9.8,52.14,16.53,14.49,1030.49,-0.04,10.56,2.45,4.96,3.84,147.01,6.8,15.16,5.16
2846.5,39.88,9.14,9.59,9.7,54.25,8.87,9.33,1033.64,-0.08,7.34,2.17,8.72,3.0,153.96,6.5,31.38,4.72
2847.0,38.67,10.11,9.81,9.51,62.97,3.2,3.77,1044.03,-0.04,6.67,1.97,19.97,2.51,157.63,6.34,43.22,4.96
2847.5,38.84,10.28,9.56,9.23,68.74,2.24,2.26,1058.15,0.05,8.87,1.94,34.05,2.26,157.38,6.35,44.79,6.02
2848.0,40.34,9.46,9.39,9.12,64.92,3.51,3.53,1069.38,0.18,14.42,2.15,32.57,2.27,152.45,6.56,32.56,8.27
2848.5,42.43,9.16,9.07,9.1,54.72,10.44,17.18,1072.3,0.21,22.87,2.38,24.36,2.48,140.32,7.13,19.53,12.14
2849.0,44.33,9.0,9.07,9.09,46.13,16.18,24.43,1069.57,0.17,30.5,2.56,14.34,2.94,119.38,8.38,9.01,17.21
2849.5,45.6,9.0,9.07,9.07,39.78,20.64,31.14,1066.04,0.11,34.52,2.67,6.41,3.63,95.91,10.43,2.17,21.19
2850.0,46.37,9.0,9.07,9.09,36.79,36.93,41.18,1063.3,0.04,38.36,2.7,3.28,4.15,69.32,14.43,0.86,23.35
2850.5,46.95,9.0,9.07,9.11,33.3,44.78,43.61,1062.16,0.01,45.04,2.69,2.48,4.29,52.4,19.08,1.31,24.78
2851.0,47.67,9.0,9.07,9.11,28.63,59.19,50.59,1061.54,-0.0,52.38,2.68,2.0,4.55,45.53,21.97,2.01,25.59
2851.5,48.64,9.0,9.07,9.09,25.89,54.98,42.41,1061.26,-0.0,51.72,2.67,1.79,5.01,45.33,22.06,2.11,25.06
2852.0,49.73,9.0,9.07,9.09,27.36,46.44,40.79,1060.25,-0.0,40.18,2.67,1.56,5.48,48.35,20.68,2.35,22.85
2852.5,50.82,9.0,9.07,9.09,36.5,32.75,32.25,1060.55,0.0,28.28,2.66,1.6,5.22,51.12,19.56,2.92,20.69
2853.0,51.64,9.0,9.07,9.1,54.42,21.69,20.41,1062.16,0.01,25.68,2.65,3.41,4.84,53.64,18.64,3.76,19.89
2853.5,51.91,9.0,9.07,9.12,72.4,30.58,19.33,1064.01,0.01,33.82,2.64,5.29,4.67,57.15,17.5,4.26,20.6
2854.0,51.45,9.0,9.07,9.15,83.0,39.04,26.79,1065.36,0.01,47.06,2.64,5.51,4.42,62.0,16.13,4.26,21.78
2854.5,50.26,9.0,9.07,9.15,85.92,47.51,40.14,1063.52,0.0,54.55,2.64,4.02,4.25,69.32,14.43,4.03,21.03
2855.0,48.64,9.0,9.07,9.1,81.93,50.95,47.86,1061.55,-0.01,48.88,2.64,2.62,4.31,75.46,13.25,3.92,17.57
2855.5,46.78,9.0,9.07,9.09,74.26,42.13,39.54,1058.48,-0.01,35.19,2.63,2.59,4.43,80.32,12.45,4.47,13.71
2856.0,45.27,9.0,9.09,9.09,66.23,29.06,23.6,1059.06,-0.01,23.08,2.62,3.8,4.35,85.45,11.7,5.02,11.0
2856.5,44.35,9.0,9.13,9.09,63.59,14.87,10.93,1067.19,-0.01,16.22,2.62,6.15,3.99,91.91,10.88,5.38,9.5
2857.0,43.93,9.03,9.15,9.06,67.21,11.22,7.93,1078.04,0.01,13.56,2.62,9.02,3.72,102.22,9.78,5.21,8.85
2857.5,43.97,9.13,9.14,9.06,73.98,9.99,8.55,1084.81,0.03,13.08,2.63,11.27,3.63,115.3,8.67,4.54,8.69
2858.0,44.45,9.05,9.12,9.06,78.31,8.86,6.92,1080.52,0.05,13.66,2.64,12.65,3.63,126.79,7.89,4.1,8.64
2858.5,45.19,9.0,9.12,9.06,78.1,12.03,7.25,1067.98,0.04,14.57,2.63,13.5,3.61,134.47,7.44,4.46,8.41
2859.0,45.9,9.0,9.13,9.08,76.17,14.61,7.59,1051.67,0.02,14.48,2.62,13.05,3.62,135.22,7.4,5.23,7.94
2859.5,46.47,9.0,9.17,9.07,76.78,14.02,9.66,1038.09,-0.0,12.89,2.61,11.52,3.79,126.49,7.91,6.07,7.52
2860.0,46.94,9.0,9.18,9.06,83.51,10.43,7.2,1031.65,-0.01,10.93,2.6,10.95,3.89,112.99,8.85,6.39,7.46
2860.5,47.25,9.0,9.17,9.05,93.61,7.18,6.13,1032.32,-0.0,10.45,2.59,11.91,3.75,102.34,9.77,6.78,7.9
2861.0,47.37,9.0,9.21,8.97,94.3,6.63,7.45,1039.96,-0.0,12.25,2.59,13.43,3.76,101.77,9.83,7.28,8.67
2861.5,47.29,9.0,9.23,9.07,84.69,16.85,17.9,1048.45,0.0,15.3,2.6,12.82,3.8,116.17,8.61,6.6,8.98
2862.0,47.04,9.0,9.25,9.08,71.39,21.75,21.5,1051.02,0.0,17.32,2.61,8.68,3.76,138.58,7.22,5.66,7.87
2862.5,46.89,9.0,9.29,9.08,67.93,23.45,20.56,1050.81,-0.01,15.89,2.61,5.32,3.79,174.85,5.72,6.04,5.88
2863.0,47.11,9.01,9.4,9.38,86.41,15.77,13.04,1048.36,-0.03,11.55,2.54,4.04,3.79,214.3,4.67,9.71,4.18
2863.5,47.78,9.02,9.67,9.59,125.81,12.02,9.75,1041.43,-0.06,7.1,2.4,4.82,3.51,248.59,4.02,18.11,3.14
2864.0,48.8,9.12,9.83,9.45,190.86,8.89,6.68,1030.12,-0.06,4.4,2.21,10.28,3.07,279.45,3.58,29.26,2.62
2864.5,50.08,10.04,9.77,9.31,274.82,4.44,3.01,1018.44,-0.01,3.55,2.07,21.51,2.69,302.16,3.31,37.25,2.46
2865.0,51.21,10.23,9.74,9.12,328.13,1.99,1.76,1010.52,0.09,3.81,2.09,31.05,2.46,320.83,3.12,36.26,2.55
2865.5,51.6,9.85,9.12,9.15,298.59,2.15,1.82,1004.78,0.19,4.4,2.2,34.52,2.39,327.49,3.05,29.6,2.83
2866.0,50.96,9.02,9.12,9.26,221.29,2.37,2.13,1006.11,0.19,4.83,2.27,33.49,2.4,313.9,3.19,25.63,3.24
2866.5,49.44,8.7,9.2,9.43,153.14,2.57,2.31,1016.09,0.14,5.05,2.31,32.25,2.58,280.63,3.56,23.67,3.75
2867.0,47.84,8.69,9.21,10.18,116.06,2.69,2.59,1034.48,0.09,5.43,2.33,31.86,2.87,242.42,4.13,22.23,4.32
2867.5,46.67,8.98,9.39,10.47,97.55,2.51,2.87,1053.04,0.08,6.2,2.36,32.98,3.11,203.7,4.91,20.76,4.88
2868.0,45.98,9.78,9.72,10.54,86.14,2.48,3.22,1063.19,0.12,7.15,2.41,30.38,3.27,183.18,5.46,17.68,5.23
2868.5,45.48,9.84,10.21,11.09,74.92,2.57,3.36,1063.99,0.15,7.58,2.46,24.69,3.44,177.22,5.64,14.65,5.15
2869.0,44.92,9.85,10.8,11.77,70.9,2.5,3.16,1055.97,0.11,6.94,2.41,21.76,3.55,183.43,5.45,17.79,4.72
2869.5,44.33,10.69,11.29,11.69,73.79,2.25,2.81,1045.66,0.05,5.79,2.25,23.89,3.33,199.1,5.02,26.78,4.2
2870.0,43.93,11.36,11.4,12.02,76.69,1.94,2.55,1038.1,0.06,4.85,2.16,29.69,2.95,219.99,4.55,32.45,3.76
2870.5,43.71,11.15,11.4,12.22,79.0,2.02,2.45,1035.56,0.14,4.36,2.2,31.0,2.72,242.57,4.12,29.71,3.47
2871.0,43.57,11.29,11.41,12.3,84.85,2.18,2.45,1035.7,0.19,4.19,2.29,28.56,2.69,263.22,3.8,24.83,3.31
2871.5,43.61,11.48,11.39,10.87,94.13,2.12,2.25,1038.29,0.18,4.11,2.29,27.76,2.73,274.89,3.64,24.34,3.3
2872.0,43.78,11.38,10.23,9.92,101.48,2.01,2.14,1044.68,0.16,3.82,2.24,28.99,2.74,275.89,3.62,27.27,3.42
2872.5,43.96,11.23,8.84,9.27,101.43,1.81,1.9,1053.32,0.19,3.2,2.2,33.57,2.71,265.36,3.77,29.63,3.7
2873.0,44.17,9.48,8.61,9.26,100.49,1.69,1.82,1060.96,0.3,2.65,2.27,39.09,2.65,244.39,4.09,25.91,4.17
2873.5,44.55,8.95,8.59,9.26,96.43,1.67,1.84,1064.24,0.35,3.21,2.38,41.24,2.63,219.58,4.55,19.58,4.83
2874.0,45.44,8.95,8.66,9.33,86.51,2.32,2.64,1065.04,0.24,4.71,2.37,40.32,2.66,194.03,5.15,19.76,5.61
2874.5,47.17,8.95,8.88,9.36,81.06,3.7,3.68,1063.95,0.14,6.28,2.39,37.37,2.8,174.14,5.74,18.68,6.31
2875.0,49.55,8.95,8.9,9.39,82.42,5.48,4.88,1062.34,0.11,7.52,2.48,30.5,3.02,163.11,6.13,13.24,6.62
2875.5,51.67,8.99,8.89,9.39,89.29,7.12,5.56,1062.56,0.08,8.09,2.57,22.52,3.27,162.27,6.16,8.29,6.34
2876.0,52.53,9.1,8.88,9.38,89.4,7.87,6.26,1067.81,0.04,7.88,2.6,16.99,3.61,172.01,5.81,6.49,5.57
2876.5,52.13,9.13,8.9,9.47,88.47,7.07,6.1,1078.56,-0.01,6.93,2.52,13.91,3.49,189.42,5.28,11.12,4.63
2877.0,50.8,9.14,9.4,9.75,93.97,5.09,5.18,1085.81,-0.07,5.61,2.26,12.87,2.66,208.38,4.8,26.28,3.84
2877.5,49.14,9.45,9.83,9.9,101.67,3.02,3.6,1086.8,-0.14,4.5,1.9,15.74,1.96,224.2,4.46,47.57,3.33
2878.0,47.88,11.25,10.8,9.71,107.02,2.0,2.49,1079.85,-0.1,4.12,1.71,22.93,1.69,239.48,4.18,58.75,3.11
2878.5,47.32,11.41,11.09,9.55,102.49,1.94,2.09,1069.7,-0.03,4.31,1.72,31.46,1.63,253.62,3.94,57.7,3.1
2879.0,47.2,9.92,10.99,9.49,102.9,2.13,2.13,1063.56,-0.0,4.64,1.85,33.91,1.69,269.95,3.7,50.35,3.22
2879.5,46.9,9.65,10.36,9.41,116.25,2.26,2.31,1062.89,0.0,4.63,2.03,32.52,2.05,282.57,3.54,39.75,3.34
2880.0,46.56,9.38,10.41,9.78,119.82,2.1,2.31,1068.93,0.02,4.39,2.16,30.07,2.62,286.37,3.49,32.08,3.39
2880.5,46.57,9.42,10.43,10.42,118.66,1.92,2.23,1075.9,0.07,4.12,2.2,30.23,2.86,282.42,3.54,30.02,3.38
2881.0,46.5,9.5,10.64,11.0,116.7,1.85,2.14,1079.51,0.16,4.05,2.23,31.32,2.74,270.48,3.7,28.28,3.36
2881.5,45.79,9.45,10.94,11.0,110.52,1.94,2.1,1077.39,0.27,4.16,2.28,31.13,2.65,260.62,3.84,25.31,3.39
2882.0,44.56,9.43,11.67,11.02,109.18,1.99,2.14,1074.76,0.32,4.32,2.3,30.88,2.59,250.04,4.0,24.22,3.49
2882.5,43.39,10.13,12.38,10.22,114.16,2.04,2.18,1078.1,0.31,4.37,2.3,32.4,2.53,236.7,4.22,24.07,3.69
2883.0,42.49,10.6,12.59,9.26,110.54,2.07,2.24,1083.77,0.23,4.33,2.27,33.79,2.52,219.52,4.56,25.75,4.06
2883.5,41.94,11.28,12.73,9.2,101.42,2.11,2.16,1087.39,0.15,4.46,2.21,34.34,2.55,198.08,5.05,29.13,4.72
2884.0,41.37,11.32,12.52,9.05,99.11,2.08,2.06,1087.42,0.09,5.14,2.09,38.02,2.51,177.48,5.63,36.18,5.84
2884.5,40.34,10.68,9.19,9.06,101.19,2.85,2.49,1086.05,0.09,6.29,1.94,44.16,2.37,158.91,6.29,45.24,7.36
2885.0,38.98,8.89,9.18,9.32,95.18,3.64,3.22,1084.06,0.17,8.69,1.88,38.47,2.19,143.77,6.96,48.4,9.03
2885.5,38.0,8.93,9.24,9.18,80.72,4.59,4.57,1083.46,0.29,10.9,2.0,30.02,2.11,134.23,7.45,41.6,9.73
2886.0,37.18,8.95,9.32,9.32,71.04,5.34,7.31,1085.33,0.34,11.63,2.17,25.76,2.11,126.56,7.9,31.54,9.18
2886.5,35.88,9.0,9.41,9.57,68.41,7.16,9.3,1087.94,0.21,10.73,2.22,24.28,2.09,123.92,8.07,28.37,8.23
2887.0,33.99,9.0,9.26,9.29,73.71,7.71,9.37,1088.41,0.07,9.51,2.15,23.6,2.25,127.17,7.86,32.63,7.48
2887.5,31.89,9.0,9.1,8.95,81.26,8.61,9.39,1083.53,0.1,8.56,2.07,26.25,2.41,135.46,7.38,37.14,6.98
2888.0,30.15,8.85,9.07,8.91,88.03,6.7,8.04,1075.76,0.27,7.67,2.16,29.14,2.45,145.52,6.87,32.02,6.63
2888.5,28.93,8.79,8.99,8.97,90.64,5.25,6.95,1067.33,0.38,7.01,2.34,27.67,2.46,154.64,6.47,21.38,6.34
2889.0,28.01,8.78,8.91,8.99,87.27,3.22,4.26,1064.69,0.27,7.04,2.43,24.99,2.55,161.29,6.2,16.58,6.14
2889.5,27.06,8.81,8.86,8.99,85.05,3.14,3.8,1069.9,0.12,7.63,2.48,26.27,2.91,164.88,6.07,13.41,6.06
2890.0,25.53,8.81,8.74,8.92,85.04,6.87,8.05,1077.25,0.05,8.04,2.5,27.68,3.41,166.92,5.99,12.2,6.13
2890.5,23.49,8.82,8.74,8.9,72.69,10.69,13.18,1082.79,0.04,7.94,2.47,24.68,3.34,167.85,5.96,14.1,6.31
2891.0,21.17,8.72,8.77,8.91,58.23,11.92,15.38,1082.7,0.05,7.55,2.44,22.03,2.99,167.77,5.96,15.95,6.5
2891.5,18.41,8.69,8.79,8.93,57.96,9.2,12.95,1076.92,0.03,7.05,2.39,23.18,2.83,167.69,5.96,18.43,6.54
2892.0,15.29,8.7,8.79,8.9,65.49,6.63,9.45,1069.22,0.01,6.58,2.36,23.4,2.88,167.71,5.96,20.27,6.35
2892.5,11.96,8.62,8.79,8.9,69.04,6.27,8.53,1065.65,0.01,6.23,2.35,21.63,2.98,168.2,5.95,20.85,6.04
2893.0,8.52,8.56,8.78,8.89,67.99,5.91,7.58,1065.93,0.02,6.39,2.36,21.91,2.93,171.14,5.84,20.71,5.82
2893.5,5.26,8.52,8.78,8.87,67.9,4.83,6.25,1068.94,0.05,7.73,2.37,24.36,2.81,177.99,5.62,19.73,5.81
2894.0,1.04,8.52,8.83,8.89,63.41,3.89,5.41,1073.91,0.08,10.49,2.39,28.66,2.75,189.23,5.28,18.89,5.95
2894.5,-4.77,8.52,8.82,8.9,52.66,3.94,5.97,1073.94,0.09,13.79,2.39,30.2,2.78,197.94,5.05,18.74,6.06
2895.0,-11.14,8.53,8.82,8.91,40.35,4.07,7.04,1066.6,0.07,15.67,2.37,25.82,2.81,202.96,4.93,19.98,5.97
2895.5,-16.42,8.63,8.83,8.93,33.33,4.46,7.78,1059.56,0.06,15.58,2.33,20.99,2.69,203.37,4.92,22.02,5.66
2896.0,-19.79,8.63,8.83,8.98,29.89,4.64,8.18,1060.41,0.04,14.4,2.3,18.9,2.55,199.94,5.0,24.16,5.28
2896.5,-21.85,8.63,8.83,8.9,28.97,4.92,8.34,1065.48,0.02,12.76,2.26,18.0,2.47,197.01,5.08,26.14,4.96
2897.0,-23.37,8.63,8.82,8.91,30.23,5.02,8.6,1071.55,0.02,11.17,2.23,16.91,2.41,200.68,4.98,28.05,4.75
2897.5,-24.42,8.63,8.83,8.94,31.91,5.15,8.49,1077.4,0.02,10.32,2.21,16.57,2.38,214.9,4.65,29.33,4.59
2898.0,-24.83,8.65,8.83,8.9,33.51,5.56,8.64,1077.38,0.04,10.5,2.22,19.17,2.33,246.45,4.06,28.59,4.33
2898.5,-24.25,8.68,8.85,8.9,35.96,6.46,9.49,1070.62,0.06,11.12,2.28,23.5,2.32,286.49,3.49,25.07,3.87
2899.0,-23.43,8.68,8.98,8.9,37.1,7.05,11.02,1061.03,0.08,11.1,2.37,23.69,2.48,315.36,3.17,20.13,3.3
2899.5,-23.71,8.69,9.01,8.9,32.94,6.77,11.0,1059.45,0.06,9.87,2.39,19.62,2.85,343.11,2.91,18.92,2.8
2900.0,-24.71,8.68,9.11,8.9,27.09,5.75,9.66,1071.75,0.02,7.98,2.33,16.95,3.17,364.72,2.74,22.09,2.47
2900.5,-24.73,8.68,9.21,8.93,27.93,4.87,7.62,1094.44,0.01,6.29,2.28,17.77,3.27,381.34,2.62,25.34,2.31
2901.0,-23.07,8.68,9.23,8.9,33.12,4.42,6.87,1116.49,0.01,5.34,2.25,21.28,3.22,397.76,2.51,26.89,2.3
2901.5,-20.8,8.68,9.23,8.92,37.1,4.16,6.34,1127.87,0.02,5.44,2.25,24.27,3.11,404.0,2.48,26.89,2.43
2902.0,-19.78,8.68,9.21,8.9,38.66,4.18,6.34,1129.16,0.04,6.97,2.27,27.03,3.07,401.55,2.49,25.83,2.66
2902.5,-20.68,8.62,8.99,8.9,38.07,4.15,6.14,1121.99,0.07,9.73,2.3,30.86,3.07,389.05,2.57,23.69,2.97
2903.0,-22.83,8.55,8.93,8.9,35.96,4.3,6.33,1110.88,0.07,12.75,2.33,30.42,3.07,366.4,2.73,22.12,3.28
2903.5,-25.59,8.45,8.87,8.9,32.32,4.97,7.56,1097.14,0.05,14.14,2.33,23.59,3.02,339.98,2.94,22.14,3.5
2904.0,-27.95,8.4,8.86,8.9,29.05,5.61,8.97,1081.14,0.02,12.45,2.32,16.72,2.86,315.06,3.17,22.8,3.57
2904.5,-28.71,8.37,8.85,8.9,29.78,5.93,9.29,1063.38,0.01,9.64,2.31,14.52,2.58,300.12,3.33,23.48,3.52
2905.0,-27.93,8.49,8.84,8.9,34.05,4.82,7.55,1051.54,0.01,8.01,2.31,15.94,2.32,298.43,3.35,23.12,3.41
2905.5,-27.77,8.58,8.83,8.9,41.88,4.34,5.97,1052.08,0.03,7.87,2.33,19.04,2.24,309.1,3.24,22.19,3.28
2906.0,-29.86,8.58,8.83,8.9,44.65,4.12,6.07,1062.19,0.04,8.44,2.35,22.79,2.49,329.44,3.04,20.99,3.13
2906.5,-32.78,8.58,8.83,8.9,37.06,4.79,6.96,1080.3,0.05,8.98,2.36,25.6,2.84,353.78,2.83,20.27,2.99
2907.0,-35.45,8.58,8.83,8.92,29.46,4.88,7.79,1100.33,0.05,9.07,2.36,26.49,2.84,377.88,2.65,20.25,2.85
2907.5,-37.37,8.58,8.83,8.9,27.46,5.01,7.95,1115.69,0.05,8.7,2.37,25.23,2.62,397.6,2.52,19.99,2.75
2908.0,-38.48,8.57,8.83,8.9,28.69,5.52,8.5,1123.46,0.05,8.11,2.38,21.95,2.38,409.65,2.44,19.24,2.69
2908.5,-39.52,8.58,8.83,8.9,31.48,5.61,8.64,1124.36,0.03,7.75,2.37,19.98,2.27,414.05,2.42,20.0,2.66
2909.0,-41.39,8.58,8.82,8.9,33.11,5.52,8.48,1119.82,0.02,7.87,2.34,20.64,2.34,411.49,2.43,21.89,2.69
2909.5,-43.89,8.58,8.83,8.9,30.42,5.15,8.18,1114.79,0.03,8.41,2.31,23.54,2.54,402.11,2.49,23.36,2.77
2910.0,-46.3,8.58,8.83,8.9,25.82,5.26,8.14,1115.3,0.03,9.2,2.29,25.91,2.73,385.77,2.59,24.82,2.94
2910.5,-47.77,8.57,8.83,8.92,23.54,5.41,8.18,1126.58,0.01,10.39,2.27,25.49,2.79,362.24,2.76,25.76,3.23
2911.0,-48.09,8.63,8.83,8.9,23.21,5.31,8.01,1149.38,0.01,12.49,2.28,22.78,2.75,331.27,3.02,25.38,3.66
2911.5,-47.38,8.63,8.86,8.93,22.51,5.43,8.34,1168.1,0.02,16.55,2.31,21.38,2.76,295.89,3.38,23.41,4.31
2912.0,-45.72,8.63,8.9,8.93,19.98,5.83,9.3,1165.46,0.05,23.28,2.37,20.57,2.83,265.45,3.77,20.0,5.18
2912.5,-42.88,8.65,8.9,8.9,17.67,7.02,11.56,1139.39,0.07,32.31,2.45,16.65,2.84,234.8,4.26,15.05,6.21
2913.0,-38.69,8.68,8.91,8.91,16.33,12.09,18.96,1107.03,0.09,37.72,2.54,11.15,2.83,208.79,4.79,10.07,7.15
2913.5,-33.95,8.76,8.91,8.93,16.05,17.72,27.96,1084.95,0.08,32.82,2.61,7.23,3.07,183.69,5.44,5.67,7.78
2914.0,-28.97,8.79,8.91,8.93,18.91,17.59,27.48,1075.31,0.05,24.82,2.64,5.82,3.65,160.48,6.23,3.88,8.3
2914.5,-23.77,8.78,8.91,8.88,22.65,15.13,21.64,1070.44,0.03,19.98,2.62,6.46,4.06,138.73,7.21,4.97,9.06
2915.0,-18.95,8.79,8.91,8.89,24.96,13.57,19.82,1062.8,0.03,17.45,2.58,8.28,4.09,120.94,8.27,7.76,10.54
2915.5,-15.84,8.79,8.91,8.93,28.13,12.72,18.4,1056.86,0.02,15.92,2.51,9.73,4.07,107.57,9.3,11.79,13.11
2916.0,-14.51,8.79,8.91,8.93,32.67,9.94,16.22,1056.61,0.03,16.0,2.43,11.45,3.89,102.19,9.79,16.18,16.67
2916.5,-14.67,8.79,8.91,8.93,36.26,5.83,8.23,1059.52,0.07,18.51,2.41,15.09,3.5,105.53,9.48,17.34,19.06
2917.0,-16.09,8.79,8.91,8.91,35.97,9.62,12.58,1063.61,0.12,23.2,2.5,17.18,3.21,119.44,8.37,12.57,17.26
2917.5,-18.55,8.8,8.91,8.9,32.65,21.5,25.08,1066.32,0.11,28.7,2.6,14.36,3.28,141.46,7.07,6.42,12.43
2918.0,-22.02,8.79,8.91,8.9,31.25,35.41,38.02,1066.14,0.05,30.73,2.65,10.19,3.81,167.06,5.99,3.46,8.56
2918.5,-26.02,8.79,8.91,8.9,31.95,36.5,42.69,1065.44,-0.0,26.0,2.66,7.05,4.41,194.76,5.13,2.89,6.29
2919.0,-30.19,8.72,8.91,8.9,29.35,25.39,32.18,1066.57,-0.01,20.04,2.64,6.28,4.62,220.26,4.54,4.17,5.14
2919.5,-34.07,8.68,8.91,8.93,25.63,11.53,19.85,1069.58,-0.0,18.96,2.6,8.37,4.36,239.5,4.18,6.49,4.7
2920.0,-36.93,8.68,8.91,8.92,24.11,7.3,11.62,1072.97,0.02,25.07,2.59,13.16,3.96,247.48,4.04,7.25,4.82
2920.5,-38.53,8.69,8.91,8.91,24.3,11.26,15.19,1074.59,0.04,36.64,2.61,16.32,3.68,241.96,4.13,6.09,5.48
2921.0,-39.11,8.74,8.91,8.91,24.43,21.68,28.32,1071.07,0.04,47.62,2.62,13.42,3.55,220.94,4.53,5.16,6.71
2921.5,-39.07,8.76,8.91,8.9,23.65,29.51,41.24,1061.5,0.01,48.62,2.62,8.37,3.53,183.99,5.44,5.39,8.4
2922.0,-39.14,8.77,8.91,8.9,21.66,31.85,46.13,1049.15,-0.0,39.85,2.61,5.14,3.5,148.98,6.71,5.76,9.55
2922.5,-39.67,8.77,8.91,8.96,19.74,23.18,36.31,1039.82,-0.0,32.16,2.61,5.18,3.44,131.39,7.61,5.81,9.67
2923.0,-40.53,8.74,8.91,8.93,18.05,15.88,24.16,1035.46,-0.0,30.09,2.6,7.58,3.52,145.36,6.88,6.36,7.75
2923.5,-41.27,8.74,8.9,8.93,17.89,13.8,20.9,1036.31,0.01,27.71,2.6,9.31,3.58,210.26,4.76,6.63,5.32
2924.0,-41.74,8.74,8.9,8.89,20.45,13.64,20.57,1044.25,0.0,20.14,2.57,7.69,3.55,331.95,3.01,8.38,3.41
2924.5,-42.22,8.7,8.91,8.89,24.34,12.37,19.19,1054.24,-0.01,12.6,2.49,6.4,3.43,501.78,1.99,13.09,2.18
2925.0,-42.98,8.69,8.91,8.9,27.17,7.67,12.6,1060.31,-0.0,8.0,2.37,8.42,3.01,733.5,1.36,19.76,1.46
2925.5,-44.1,8.68,8.91,8.9,26.61,5.95,9.32,1060.27,0.02,5.51,2.28,13.19,2.5,938.49,1.07,25.22,1.05
2926.0,-45.8,8.68,8.91,8.92,25.69,5.83,8.69,1055.26,0.03,4.3,2.21,18.88,2.24,1149.72,0.87,29.11,0.82
2926.5,-48.29,8.68,8.91,8.91,25.61,5.25,7.6,1048.68,0.03,3.69,2.13,24.14,2.18,1353.12,0.74,33.66,0.71
2927.0,-50.86,8.68,8.91,8.91,25.13,4.95,6.78,1044.81,0.02,3.51,2.06,28.1,2.1,1509.14,0.66,37.77,0.67
2927.5,-52.84,8.68,8.91,8.87,25.76,4.69,6.11,1047.36,0.03,3.65,2.04,30.36,1.95,1614.53,0.62,39.35,0.67
2928.0,-54.25,8.68,8.91,8.89,25.89,4.76,6.15,1055.55,0.04,4.05,2.04,31.59,1.88,1645.13,0.61,38.92,0.71
2928.5,-55.11,8.68,8.91,8.89,22.51,4.69,6.14,1064.74,0.04,4.55,2.08,31.43,1.93,1593.9,0.63,36.96,0.77
2929.0,-55.5,8.68,8.91,8.88,18.33,5.18,7.02,1068.42,0.05,4.99,2.13,28.88,2.05,1485.3,0.67,34.13,0.86
2929.5,-55.4,8.68,8.91,8.89,17.9,5.4,7.68,1064.27,0.05,5.39,2.18,26.64,2.16,1336.69,0.75,31.29,0.95
2930.0,-54.88,8.68,8.91,8.88,18.81,5.5,8.18,1054.52,0.05,5.93,2.23,26.73,2.15,1196.93,0.84,28.28,1.05
2930.5,-54.07,8.69,8.91,8.91,18.52,5.44,8.16,1041.48,0.06,6.49,2.27,27.47,2.09,1065.32,0.94,25.77,1.15
2931.0,-53.19,8.68,8.91,8.9,19.08,5.53,8.45,1028.27,0.05,6.73,2.28,26.83,2.07,952.84,1.05,25.11,1.23
2931.5,-52.3,8.68,8.91,8.9,21.64,5.81,8.74,1021.42,0.04,6.53,2.28,24.82,2.09,868.86,1.15,25.06,1.29
2932.0,-51.45,8.68,8.91,8.9,22.94,5.88,8.8,1022.45,0.03,6.14,2.27,23.96,2.16,808.68,1.24,25.89,1.35
2932.5,-50.67,8.68,8.91,8.9,22.31,5.86,8.63,1028.1,0.01,5.93,2.24,24.7,2.27,770.8,1.3,27.76,1.4
2933.0,-49.9,8.68,8.91,8.91,22.18,5.53,8.26,1034.47,0.01,5.88,2.22,24.35,2.34,757.52,1.32,28.63,1.44
2933.5,-49.27,8.68,8.91,8.91,22.01,5.48,8.29,1037.61,0.01,5.69,2.23,22.32,2.28,763.46,1.31,28.02,1.45
2934.0,-49.06,8.68,8.91,8.9,21.27,5.54,8.13,1038.08,0.01,5.31,2.24,21.64,2.18,788.85,1.27,27.59,1.4
2934.5,-49.35,8.68,8.91,8.9,21.13,5.66,7.95,1036.99,0.01,4.91,2.22,23.19,2.07,839.4,1.19,28.75,1.31
2935.0,-49.96,8.68,8.91,8.91,21.22,5.5,7.5,1035.77,0.02,4.69,2.19,25.11,2.01,918.64,1.09,30.66,1.19
2935.5,-50.62,8.68,8.91,8.88,19.97,5.39,7.45,1033.49,0.03,4.63,2.17,25.84,2.02,1040.61,0.96,31.49,1.07
2936.0,-51.19,8.68,8.91,8.89,19.92,5.22,7.24,1030.29,0.04,4.6,2.18,25.99,2.05,1191.6,0.84,31.1,0.95
2936.5,-51.6,8.68,8.91,8.9,19.2,5.32,7.31,1024.21,0.03,4.5,2.17,26.02,2.11,1331.22,0.75,31.38,0.85
2937.0,-51.72,8.68,8.91,8.9,16.17,5.39,7.4,1014.63,0.01,4.31,2.15,26.32,2.15,1445.67,0.69,32.71,0.77
2937.5,-51.53,8.68,8.91,8.9,16.32,5.58,7.51,1007.49,0.01,4.09,2.13,27.19,2.16,1520.67,0.66,34.21,0.72
2938.0,-51.04,8.68,8.91,8.9,18.8,5.57,7.38,1003.38,0.02,3.92,2.11,28.82,2.13,1538.58,0.65,35.21,0.71
2938.5,-50.42,8.68,8.9,8.9,17.92,5.48,6.96,999.81,0.03,3.78,2.12,30.35,2.08,1512.66,0.66,34.75,0.73
2939.0,-49.69,8.68,8.9,8.9,16.92,5.12,6.64,993.77,0.03,3.7,2.13,30.5,2.1,1448.34,0.69,34.17,0.79
2939.5,-48.83,8.68,8.91,8.9,18.81,4.95,6.56,986.75,0.02,3.71,2.12,29.46,2.11,1339.89,0.75,34.34,0.89
2940.0,-47.87,8.68,8.91,8.9,20.22,4.98,6.69,980.55,0.02,3.75,2.12,27.91,2.01,1205.79,0.83,34.43,1.02
2940.5,-46.83,8.68,8.91,8.9,19.44,5.57,7.3,977.16,0.03,3.71,2.13,25.1,1.88,1025.46,0.98,34.1,1.15
2941.0,-45.72,8.68,8.91,8.91,19.58,5.79,7.52,977.93,0.03,3.75,2.12,23.74,1.84,878.9,1.14,34.5,1.28
2941.5,-44.75,8.68,8.91,8.9,20.86,5.79,7.31,979.42,0.04,4.26,2.12,24.67,1.82,819.69,1.22,34.7,1.38
2942.0,-44.04,8.68,8.91,8.9,20.0,5.39,6.63,980.46,0.05,5.34,2.14,25.92,1.78,818.61,1.22,33.43,1.43
2942.5,-43.5,8.68,8.91,8.9,19.3,5.37,6.92,980.89,0.06,6.42,2.19,24.72,1.76,861.24,1.16,30.16,1.4
2943.0,-43.19,8.68,8.91,8.91,20.29,5.67,7.83,982.75,0.06,6.57,2.27,22.02,1.84,916.3,1.09,25.69,1.28
2943.5,-43.19,8.68,8.91,8.9,20.07,6.05,8.79,987.39,0.06,5.8,2.32,20.5,2.03,957.65,1.04,22.56,1.15
2944.0,-43.55,8.68,8.91,8.9,19.01,5.7,8.19,994.2,0.04,4.88,2.31,22.75,2.26,979.0,1.02,23.43,1.07
2944.5,-44.22,8.68,8.91,8.9,19.79,5.46,7.47,999.79,0.01,4.41,2.26,27.27,2.39,977.68,1.02,26.32,1.05
2945.0,-45.0,8.68,8.91,8.91,21.71,5.1,6.71,1001.5,0.01,4.44,2.23,29.63,2.44,960.26,1.04,27.99,1.11
2945.5,-45.54,8.68,8.91,8.91,20.57,5.45,7.1,1000.73,0.02,4.8,2.23,29.55,2.46,926.12,1.08,27.86,1.25
2946.0,-45.39,8.68,8.91,8.93,19.2,5.53,7.54,998.87,0.03,5.23,2.26,26.47,2.39,866.04,1.15,26.26,1.48
2946.5,-44.53,8.68,8.91,8.89,20.9,5.66,7.94,998.11,0.03,5.79,2.29,22.81,2.24,783.89,1.28,24.5,1.78
2947.0,-43.47,8.68,8.91,8.9,23.58,5.57,7.85,1000.72,0.03,6.73,2.31,21.59,2.05,694.13,1.44,23.37,2.1
2947.5,-42.68,8.68,8.91,8.9,23.61,5.74,8.07,1004.86,0.05,7.86,2.35,21.72,1.95,606.44,1.65,21.22,2.34
2948.0,-42.29,8.68,8.91,8.9,21.54,6.25,9.03,1008.63,0.07,8.5,2.39,21.01,2.05,534.28,1.87,18.97,2.45
2948.5,-42.19,8.68,8.91,8.9,21.07,6.56,9.65,1012.48,0.06,8.31,2.37,19.26,2.2,484.71,2.06,19.8,2.46
2949.0,-42.13,8.68,8.91,8.9,21.72,6.29,9.37,1014.16,0.05,7.79,2.34,18.61,2.33,454.25,2.2,21.84,2.46
2949.5,-42.01,8.68,8.91,8.9,23.39,5.8,8.52,1011.84,0.04,7.64,2.32,19.58,2.38,442.22,2.26,22.61,2.49
2950.0,-41.87,8.69,8.91,8.91,24.47,5.43,8.11,1007.07,0.05,7.83,2.33,20.28,2.4,446.41,2.24,21.97,2.56
2950.5,-41.84,8.68,8.91,8.91,22.98,5.62,8.24,1004.11,0.05,7.96,2.36,19.38,2.35,462.83,2.16,20.34,2.6
2951.0,-41.82,8.68,8.91,8.91,21.24,5.92,8.86,1000.93,0.06,7.53,2.39,17.72,2.31,486.86,2.05,18.97,2.55
2951.5,-41.6,8.68,8.91,8.9,22.3,5.94,8.71,993.0,0.05,6.68,2.4,16.59,2.28,517.71,1.93,18.29,2.38
2952.0,-41.27,8.68,8.91,8.93,24.94,5.67,8.37,985.89,0.05,6.03,2.39,17.41,2.29,555.2,1.8,18.92,2.15
2952.5,-41.08,8.68,8.91,8.9,26.53,5.41,7.72,985.61,0.04,5.75,2.36,19.8,2.38,596.1,1.68,20.56,1.93
2953.0,-41.24,8.69,8.91,8.9,30.28,5.57,7.9,998.42,0.04,5.58,2.34,21.95,2.49,634.42,1.58,21.76,1.76
2953.5,-41.8,8.68,8.91,8.9,33.91,5.69,8.01,1025.8,0.04,5.29,2.33,23.9,2.66,658.94,1.52,22.35,1.65
2954.0,-42.56,8.68,8.91,8.9,33.26,5.7,7.88,1053.86,0.04,4.99,2.32,25.97,2.8,660.85,1.51,22.63,1.62
2954.5,-43.17,8.68,8.91,8.91,31.32,5.69,7.64,1064.75,0.03,4.92,2.31,27.34,2.78,639.93,1.56,23.19,1.68
2955.0,-43.54,8.68,8.91,8.88,28.58,5.6,7.45,1054.53,0.04,5.35,2.32,27.25,2.71,603.19,1.66,22.98,1.84
2955.5,-43.8,8.68,8.91,8.93,25.63,5.69,7.5,1037.82,0.03,6.39,2.33,25.8,2.7,564.88,1.77,22.47,2.11
2956.0,-44.01,8.68,8.91,8.88,21.87,5.44,7.4,1025.11,0.03,7.87,2.32,25.0,2.64,533.94,1.87,22.63,2.45
2956.5,-44.1,8.68,8.91,8.88,19.67,5.72,7.73,1017.5,0.04,9.44,2.33,23.51,2.59,509.39,1.96,22.26,2.69
2957.0,-43.81,8.68,8.91,8.88,20.31,7.97,11.43,1014.78,0.06,10.23,2.36,18.99,2.58,488.43,2.05,20.3,2.67
2957.5,-43.02,8.69,8.91,8.9,21.79,9.19,13.14,1014.21,0.05,9.45,2.4,13.99,2.47,472.33,2.12,18.09,2.45
2958.0,-41.9,8.68,8.91,8.94,23.85,9.01,13.18,1015.08,0.03,8.03,2.4,12.59,2.3,465.88,2.15,18.29,2.2
2958.5,-40.59,8.67,8.91,8.92,24.33,6.58,9.5,1015.46,0.01,7.17,2.37,16.65,2.28,474.31,2.11,19.95,2.05
2959.0,-39.15,8.67,8.91,8.91,25.17,5.58,8.11,1012.91,0.02,7.01,2.36,22.58,2.48,496.08,2.02,20.66,2.01
2959.5,-37.85,8.67,8.91,8.9,27.86,5.62,7.84,1007.1,0.03,6.95,2.36,23.11,2.69,524.73,1.91,20.44,2.04
2960.0,-37.12,8.67,8.91,8.9,28.29,5.31,7.6,1000.42,0.03,6.56,2.36,20.63,2.71,547.41,1.83,20.6,2.09
2960.5,-37.17,8.67,8.91,8.91,26.75,5.1,7.2,995.45,0.03,6.08,2.34,20.01,2.51,554.78,1.8,21.38,2.11
2961.0,-37.79,8.67,8.91,8.9,26.33,4.9,7.23,991.43,0.04,5.74,2.34,21.79,2.27,543.61,1.84,21.47,2.12
2961.5,-38.57,8.66,8.91,8.91,27.97,5.02,7.02,986.92,0.04,5.43,2.35,23.8,2.17,517.94,1.93,21.32,2.14
2962.0,-39.21,8.66,8.91,8.91,28.74,5.2,7.14,981.83,0.03,5.24,2.32,25.34,2.25,485.45,2.06,22.92,2.23
2962.5,-39.55,8.66,8.91,8.9,25.58,5.22,6.87,977.12,0.01,5.4,2.27,26.54,2.45,449.57,2.22,25.9,2.44
2963.0,-39.68,8.66,8.91,9.0,23.42,5.36,6.94,973.03,-0.0,6.22,2.2,26.95,2.57,410.23,2.44,29.79,2.85
2963.5,-39.91,8.66,8.91,9.1,24.13,4.38,5.77,969.92,-0.01,8.07,2.12,28.18,2.5,366.14,2.73,34.51,3.52
2964.0,-40.34,8.68,8.9,8.9,25.71,4.04,4.98,968.42,0.01,10.83,2.06,29.31,2.43,316.8,3.16,37.81,4.47
2964.5,-40.86,8.67,8.9,8.88,25.19,4.6,6.12,967.84,0.08,14.09,2.13,27.35,2.41,265.58,3.77,33.72,5.63
2965.0,-41.45,8.67,8.91,8.89,23.47,5.89,8.1,967.01,0.11,17.71,2.28,21.78,2.47,220.41,4.54,25.08,6.73
2965.5,-42.16,8.66,8.91,8.89,20.71,6.53,9.96,965.18,0.07,21.35,2.39,16.91,2.89,186.7,5.36,18.89,7.53
2966.0,-42.67,8.66,8.9,8.91,18.33,6.28,9.87,963.29,0.03,24.08,2.44,14.76,3.74,167.53,5.97,15.66,7.99
2966.5,-42.62,8.66,8.9,8.89,17.3,6.1,9.94,963.26,0.03,24.99,2.48,13.93,4.48,162.08,6.17,13.74,8.12
2967.0,-42.04,8.66,8.89,8.88,18.34,6.11,10.03,965.81,0.04,23.68,2.49,13.47,4.72,165.59,6.04,12.63,7.91
2967.5,-41.19,8.66,8.9,8.92,20.79,5.98,10.03,971.07,0.04,20.58,2.51,13.52,4.55,173.34,5.77,11.95,7.43
2968.0,-40.27,8.66,8.9,8.9,23.84,5.86,9.7,977.31,0.04,16.93,2.51,13.3,4.15,182.5,5.48,11.77,6.87
2968.5,-39.3,8.65,8.9,8.91,26.83,5.58,9.07,981.55,0.03,14.32,2.49,13.81,3.81,191.76,5.21,12.71,6.4
2969.0,-38.37,8.64,8.9,8.88,28.07,5.7,8.78,982.31,0.03,13.61,2.47,15.06,3.5,200.67,4.98,14.31,6.1
2969.5,-37.64,8.67,8.89,8.89,26.09,6.11,9.14,981.73,0.03,14.35,2.45,15.94,3.23,207.17,4.83,15.43,5.97
2970.0,-37.12,8.68,8.88,8.87,22.74,6.32,9.8,982.08,0.03,15.24,2.45,15.16,3.07,209.48,4.77,15.47,5.95
2970.5,-36.65,8.68,8.89,8.89,21.32,6.42,10.22,983.43,0.04,15.45,2.47,14.11,2.96,205.75,4.86,14.12,5.98
2971.0,-36.14,8.68,8.9,8.9,22.45,6.34,10.38,982.84,0.05,15.69,2.5,14.3,3.01,198.03,5.05,12.27,6.01
2971.5,-35.7,8.68,8.9,8.9,24.62,6.28,10.03,978.77,0.03,17.01,2.5,15.65,3.37,193.82,5.16,12.55,5.96
2972.0,-35.43,8.68,8.9,8.9,26.22,6.08,9.9,971.91,0.02,18.91,2.48,16.78,3.69,200.77,4.98,13.63,5.68
2972.5,-35.57,8.68,8.9,8.9,25.66,5.88,9.82,964.64,0.02,19.04,2.47,15.77,3.7,225.69,4.43,13.79,5.06
2973.0,-36.23,8.68,8.9,8.9,22.91,6.15,10.05,960.49,0.02,16.4,2.48,13.12,3.55,273.74,3.65,13.74,4.17
2973.5,-37.19,8.69,8.88,8.89,22.06,6.39,10.15,960.7,0.01,13.09,2.45,12.2,3.26,341.08,2.93,15.11,3.26
2974.0,-38.07,8.69,8.9,8.87,21.39,6.9,10.48,966.25,0.02,10.48,2.43,13.73,2.89,429.56,2.33,16.56,2.49
2974.5,-38.75,8.68,8.91,8.89,23.24,6.9,10.61,974.37,0.02,8.24,2.42,16.18,2.75,529.7,1.89,17.24,1.93
2975.0,-39.54,8.68,8.91,8.87,26.39,6.68,9.98,980.45,0.02,6.31,2.4,19.57,2.84,627.3,1.59,18.3,1.57
2975.5,-40.5,8.68,8.91,8.89,25.21,5.88,8.53,981.48,0.01,5.12,2.36,24.76,3.06,716.17,1.4,20.39,1.36
2976.0,-41.31,8.68,8.91,8.9,22.93,5.38,7.33,977.99,0.02,4.78,2.34,28.71,3.11,796.07,1.26,21.69,1.26
2976.5,-41.75,8.68,8.91,8.9,21.07,5.25,7.07,972.38,0.04,5.05,2.34,29.44,2.95,859.5,1.16,21.89,1.25
2977.0,-41.81,8.68,8.91,8.89,20.42,5.39,7.48,965.01,0.06,5.55,2.34,28.72,2.79,893.5,1.12,21.82,1.29
2977.5,-41.55,8.68,8.9,8.87,20.39,5.57,7.91,956.32,0.06,5.88,2.33,28.71,2.77,886.03,1.13,22.36,1.37
2978.0,-41.09,8.68,8.88,8.89,21.73,5.35,8.04,947.16,0.05,5.91,2.31,28.57,2.86,836.37,1.2,23.13,1.48
2978.5,-40.49,8.68,8.9,8.9,23.91,5.25,7.89,939.64,0.04,5.98,2.31,27.01,2.84,756.05,1.32,23.23,1.61
2979.0,-39.74,8.68,8.91,8.9,24.48,5.06,7.65,937.05,0.03,7.01,2.32,27.02,2.69,660.89,1.51,22.57,1.81
2979.5,-39.1,8.68,8.9,8.9,24.15,5.26,7.66,940.04,0.04,10.1,2.35,28.31,2.53,570.8,1.75,21.29,2.11
2980.0,-38.69,8.68,8.91,8.92,22.63,5.71,8.61,945.89,0.04,15.03,2.39,27.27,2.5,490.41,2.04,18.5,2.56
2980.5,-38.46,8.69,8.91,8.87,19.83,6.21,9.7,950.56,0.05,19.27,2.45,22.95,2.59,429.44,2.33,14.94,3.12
2981.0,-38.38,8.68,8.9,8.89,17.21,6.57,10.76,951.19,0.04,20.32,2.49,18.06,2.9,385.5,2.59,12.96,3.66
2981.5,-38.41,8.68,8.91,8.9,15.19,6.65,10.78,948.28,0.03,18.78,2.48,14.63,3.45,363.56,2.75,13.4,3.86
2982.0,-38.51,8.68,8.91,8.9,16.37,6.53,10.65,944.69,0.02,16.13,2.47,12.72,3.73,370.85,2.7,13.89,3.61
2982.5,-38.65,8.68,8.91,8.9,19.83,5.83,9.67,944.1,0.02,12.86,2.46,11.75,3.72,405.78,2.46,14.69,3.01
2983.0,-38.86,8.68,8.93,8.9,20.52,5.18,8.74,947.3,0.02,9.46,2.43,11.73,3.61,457.59,2.19,16.1,2.43
2983.5,-39.18,8.68,8.94,8.9,20.48,4.68,7.45,953.02,0.02,6.7,2.39,13.94,3.39,512.79,1.95,18.58,2.02
2984.0,-39.59,8.68,8.95,8.9,23.31,4.58,6.78,959.16,0.02,5.17,2.33,18.57,3.18,561.3,1.78,22.19,1.77
2984.5,-39.94,8.68,8.94,8.91,25.75,4.58,6.16,963.04,0.02,4.73,2.27,24.08,3.04,595.79,1.68,25.56,1.67
2985.0,-39.92,8.68,8.94,8.9,26.55,4.74,6.37,964.56,0.03,4.99,2.25,27.11,2.97,617.67,1.62,26.97,1.69
2985.5,-39.33,8.68,8.93,8.9,27.57,5.04,6.83,964.77,0.03,5.53,2.26,27.22,2.97,627.68,1.59,26.37,1.8
2986.0,-38.13,8.68,8.94,8.9,24.59,5.33,7.42,963.65,0.03,6.11,2.27,24.11,2.94,630.61,1.59,25.44,1.97
2986.5,-36.63,8.68,8.95,8.9,21.16,5.89,8.28,961.53,0.02,6.54,2.28,20.23,2.81,629.41,1.59,25.19,2.11
2987.0,-35.4,8.69,8.94,8.9,22.63,6.32,8.66,960.38,0.02,6.56,2.27,19.09,2.63,626.73,1.6,25.99,2.14
2987.5,-34.87,8.68,8.93,8.92,25.28,6.23,8.86,961.47,0.04,6.14,2.26,19.9,2.56,625.2,1.6,26.11,2.01
2988.0,-35.05,8.69,8.94,8.96,28.56,5.6,8.09,963.56,0.08,5.61,2.29,21.49,2.63,627.73,1.59,24.53,1.83
2988.5,-35.51,8.68,8.93,8.95,28.62,5.16,7.48,965.46,0.08,5.28,2.3,23.52,2.82,637.36,1.57,24.03,1.67
2989.0,-35.94,8.69,8.94,8.93,24.64,5.32,7.41,967.33,0.05,5.24,2.3,24.47,2.9,654.79,1.53,24.02,1.58
2989.5,-36.25,8.68,8.95,8.95,22.15,5.59,7.62,968.8,0.03,5.34,2.31,24.84,2.86,674.58,1.48,23.66,1.56
2990.0,-36.41,8.68,8.95,8.94,22.24,5.98,8.28,970.54,0.02,5.48,2.3,24.69,2.72,688.86,1.45,24.22,1.61
2990.5,-36.44,8.68,8.95,8.95,22.59,6.02,8.55,971.86,0.0,5.62,2.28,22.54,2.53,690.3,1.45,25.42,1.7
2991.0,-36.27,8.68,8.95,8.96,24.05,5.83,8.49,973.55,0.0,5.69,2.27,20.46,2.35,675.49,1.48,26.01,1.79
2991.5,-35.82,8.68,8.94,9.0,25.4,5.33,8.03,978.02,0.01,5.67,2.27,19.9,2.35,646.88,1.55,25.56,1.87
2992.0,-35.13,8.69,8.93,9.04,24.77,5.13,7.57,985.04,0.01,5.67,2.29,20.71,2.44,611.13,1.64,24.76,1.92
2992.5,-34.45,8.68,8.94,9.08,23.79,5.3,7.56,990.84,0.01,5.78,2.29,22.35,2.44,578.3,1.73,24.75,1.97
2993.0,-33.91,8.68,8.95,9.09,22.79,5.73,7.71,990.71,0.01,6.06,2.29,22.5,2.29,551.72,1.81,24.34,2.04
2993.5,-33.43,8.68,8.94,9.07,19.86,5.85,7.96,984.94,0.02,6.42,2.32,20.56,2.16,531.55,1.88,23.02,2.13
2994.0,-32.83,8.68,8.94,9.09,20.35,5.68,7.89,977.7,0.04,6.75,2.35,18.93,2.23,515.53,1.94,21.02,2.24
2994.5,-32.19,8.68,9.07,9.06,23.56,5.72,8.37,972.93,0.06,6.99,2.39,18.98,2.35,500.87,2.0,18.92,2.34
2995.0,-31.57,8.78,9.24,9.08,25.07,5.89,8.72,971.7,0.07,6.89,2.42,20.91,2.43,486.79,2.05,16.91,2.4
2995.5,-31.11,8.95,9.21,9.09,24.33,5.77,8.59,972.15,0.05,6.38,2.43,22.91,2.42,476.73,2.1,16.46,2.41
2996.0,-31.12,8.95,9.14,9.09,23.25,5.38,7.74,972.59,0.03,6.06,2.4,24.11,2.44,475.21,2.1,17.93,2.38
2996.5,-31.87,8.9,9.11,9.09,23.94,5.23,7.54,971.96,0.04,6.12,2.39,24.33,2.51,484.81,2.06,18.72,2.34
2997.0,-33.14,8.9,9.11,9.08,24.65,5.19,7.67,970.85,0.04,6.24,2.4,22.43,2.5,508.43,1.97,18.33,2.26
2997.5,-34.52,8.9,9.03,9.08,23.39,5.34,7.98,970.97,0.04,6.13,2.39,19.92,2.5,535.0,1.87,18.77,2.16
2998.0,-35.8,8.9,9.03,9.09,22.66,4.68,7.1,970.89,0.03,5.91,2.36,19.16,2.44,560.28,1.78,20.33,2.05
2998.5,-36.95,8.89,9.03,9.07,22.23,4.19,6.5,968.54,0.05,5.91,2.35,20.19,2.37,581.06,1.72,21.18,1.95
2999.0,-37.87,8.87,9.03,9.09,19.85,4.52,6.25,963.17,0.1,6.01,2.38,20.94,2.42,596.17,1.68,19.35,1.87
2999.5,-38.46,8.83,9.03,9.1,19.54,4.58,6.43,956.22,0.14,5.86,2.43,20.06,2.45,604.49,1.65,16.09,1.83
3000.0,-38.63,8.83,9.03,9.12,21.72,4.84,6.45,950.18,0.12,5.6,2.42,20.54,2.48,604.95,1.65,16.97,1.84
3000.5,-38.45,8.82,9.03,9.09,22.75,4.27,6.1,946.74,0.07,5.73,2.35,22.83,2.55,600.69,1.66,20.97,1.89
3001.0,-38.04,8.78,9.03,9.09,23.27,4.7,5.99,946.75,0.05,6.39,2.32,22.99,2.5,593.86,1.68,22.81,1.97
3001.5,-37.53,8.78,9.03,9.11,23.93,4.88,6.66,949.12,0.05,7.11,2.34,19.5,2.37,582.56,1.72,21.86,2.06
3002.0,-37.01,8.78,9.03,9.11,22.01,5.23,7.16,952.97,0.05,7.16,2.36,16.0,2.31,564.59,1.77,20.37,2.15
3002.5,-36.57,8.74,9.01,9.07,20.82,4.99,7.36,957.43,0.04,6.72,2.37,16.01,2.33,539.84,1.85,19.88,2.22
3003.0,-36.23,8.74,8.99,9.06,20.85,4.74,6.86,961.2,0.04,6.55,2.38,19.02,2.39,510.4,1.96,19.55,2.3
3003.5,-35.8,8.74,8.99,9.06,19.55,4.29,6.6,964.02,0.06,6.8,2.4,20.0,2.4,482.01,2.07,18.02,2.39
3004.0,-35.07,8.74,8.99,9.06,18.23,4.0,6.4,965.86,0.09,7.1,2.44,18.8,2.37,458.15,2.18,15.92,2.52
3004.5,-34.0,8.74,8.99,8.99,17.53,4.17,6.35,966.78,0.1,7.28,2.44,18.17,2.42,441.15,2.27,15.73,2.66
3005.0,-32.59,8.74,8.99,8.95,19.91,4.15,6.33,965.59,0.07,7.46,2.4,17.42,2.56,431.17,2.32,18.24,2.79
3005.5,-30.92,8.74,8.96,8.92,24.72,4.28,6.31,962.13,0.05,7.73,2.37,16.99,2.64,427.32,2.34,20.17,2.86
3006.0,-29.58,8.74,8.95,8.9,28.28,4.51,6.91,959.38,0.03,7.89,2.35,17.39,2.64,428.11,2.34,21.01,2.85
3006.5,-29.21,8.74,8.95,8.87,28.7,4.28,6.93,959.06,0.03,7.74,2.35,17.94,2.56,430.65,2.32,21.28,2.77
3007.0,-29.6,8.75,8.95,8.89,28.46,4.18,6.97,959.95,0.04,7.47,2.36,18.6,2.4,432.85,2.31,20.55,2.68
3007.5,-30.13,8.75,8.95,9.03,28.13,4.1,6.7,960.55,0.04,7.35,2.38,19.79,2.34,432.42,2.31,19.51,2.65
3008.0,-30.63,8.75,8.95,9.09,28.14,4.53,7.0,961.73,0.03,7.62,2.37,21.7,2.42,427.0,2.34,20.14,2.7
3008.5,-31.26,8.76,8.95,9.02,28.07,5.08,7.61,965.23,0.01,8.38,2.33,22.2,2.56,416.24,2.4,22.45,2.87
3009.0,-32.17,8.77,8.95,8.96,25.9,5.44,8.13,971.12,0.0,9.55,2.31,19.83,2.61,399.15,2.51,23.42,3.17
3009.5,-33.05,8.72,8.87,8.95,23.98,5.86,8.73,978.3,0.02,11.11,2.33,17.03,2.53,376.6,2.66,22.34,3.57
3010.0,-33.78,8.63,8.87,8.93,23.15,5.65,8.82,985.0,0.05,13.07,2.38,14.57,2.39,350.7,2.85,19.56,4.04
3010.5,-34.53,8.63,8.87,8.95,21.89,5.79,9.26,989.44,0.07,15.07,2.42,12.65,2.27,323.97,3.09,16.99,4.4
3011.0,-35.31,8.63,8.87,8.94,23.1,5.93,9.67,992.37,0.06,15.99,2.45,11.66,2.22,299.21,3.34,15.31,4.58
3011.5,-35.94,8.63,8.87,9.0,25.49,6.64,10.28,995.07,0.04,15.03,2.46,10.82,2.24,282.16,3.54,14.45,4.51
3012.0,-36.36,8.63,8.87,9.0,26.79,6.55,9.92,998.95,0.02,13.53,2.46,11.02,2.31,279.32,3.58,14.55,4.28
3012.5,-36.89,8.63,8.87,9.0,25.82,6.44,9.43,1003.56,0.01,13.11,2.44,12.82,2.38,295.91,3.38,15.65,3.97
3013.0,-37.69,8.63,8.87,9.0,23.74,6.52,9.38,1005.72,0.02,13.72,2.46,14.0,2.42,334.9,2.99,14.87,3.55
3013.5,-38.6,8.63,8.87,9.0,22.52,7.17,10.68,1003.24,0.05,13.84,2.5,12.65,2.43,392.64,2.55,12.23,3.02
3014.0,-39.23,8.64,8.87,9.0,23.1,7.31,11.18,996.63,0.08,12.22,2.53,11.11,2.44,458.2,2.18,10.59,2.48
3014.5,-39.21,8.66,8.87,9.0,22.64,7.41,11.53,989.45,0.08,9.54,2.51,11.67,2.45,525.13,1.9,11.49,2.02
3015.0,-38.51,8.66,8.87,9.02,22.35,6.68,10.13,984.82,0.07,7.27,2.47,15.09,2.49,594.85,1.68,14.19,1.69
3015.5,-37.33,8.68,8.87,9.03,22.87,6.2,9.14,984.27,0.05,6.02,2.4,20.15,2.59,662.68,1.51,18.2,1.49
3016.0,-35.81,8.68,8.87,9.03,22.72,5.84,8.26,985.93,0.04,5.51,2.33,24.06,2.75,732.44,1.37,21.98,1.38
3016.5,-34.26,8.68,8.87,8.98,24.3,5.2,7.32,987.27,0.04,5.29,2.3,25.24,2.75,791.25,1.26,24.03,1.32
3017.0,-32.99,8.69,8.87,8.96,27.35,4.87,6.74,987.77,0.06,5.12,2.29,24.36,2.65,830.65,1.2,24.46,1.31
3017.5,-32.25,8.68,8.85,8.96,28.67,4.38,6.23,988.57,0.09,4.99,2.3,24.27,2.58,845.42,1.18,23.83,1.31
3018.0,-31.93,8.68,8.83,8.96,27.69,4.34,6.33,989.23,0.08,5.04,2.3,25.65,2.54,839.81,1.19,23.89,1.33
3018.5,-31.75,8.68,8.84,8.9,25.32,4.09,6.24,988.83,0.07,5.35,2.29,26.55,2.61,822.34,1.22,24.51,1.37
3019.0,-31.62,8.68,8.87,8.92,23.1,4.05,5.93,987.79,0.06,5.87,2.28,26.26,2.72,799.42,1.25,25.15,1.43
3019.5,-31.53,8.68,8.87,8.88,22.62,4.49,6.46,986.09,0.07,6.42,2.29,25.25,2.73,769.83,1.3,24.56,1.5
3020.0,-31.43,8.68,8.87,8.93,22.52,4.95,7.18,983.7,0.07,6.69,2.32,23.43,2.63,728.62,1.37,23.05,1.58
3020.5,-31.13,8.68,8.89,8.89,24.77,4.84,7.5,981.39,0.06,6.64,2.34,22.17,2.52,675.58,1.48,21.59,1.68
3021.0,-30.76,8.68,8.89,8.91,27.07,4.72,7.3,979.9,0.06,6.67,2.36,21.93,2.56,613.2,1.63,20.42,1.85
3021.5,-30.72,8.69,8.89,8.95,27.53,4.99,7.27,979.44,0.04,7.44,2.36,22.32,2.64,549.75,1.82,20.23,2.1
3022.0,-31.07,8.68,8.89,8.99,27.4,5.43,7.58,979.39,0.03,9.32,2.37,21.86,2.66,483.76,2.07,19.79,2.48
3022.5,-31.69,8.68,8.89,9.0,26.95,6.16,8.24,977.4,0.03,12.04,2.41,19.49,2.69,414.44,2.41,17.67,3.06
3023.0,-32.26,8.68,8.88,9.02,25.15,6.46,9.33,972.1,0.04,14.79,2.46,16.32,2.72,351.96,2.84,14.77,3.86
3023.5,-32.31,8.68,8.89,9.0,21.75,6.74,10.21,965.27,0.04,16.82,2.5,13.25,2.83,294.89,3.39,12.3,4.91
3024.0,-31.59,8.68,8.9,9.0,17.82,6.67,10.63,960.26,0.04,18.11,2.52,10.59,3.08,245.19,4.08,11.12,6.1
3024.5,-30.1,8.68,8.91,9.0,15.97,7.59,11.43,958.79,0.04,18.93,2.53,9.03,3.2,208.53,4.8,10.57,7.14
3025.0,-27.85,8.68,8.91,9.0,16.47,7.65,12.03,960.61,0.03,19.08,2.51,8.58,3.27,182.96,5.47,11.52,7.79
3025.5,-24.81,8.69,8.91,9.0,18.92,7.57,12.28,962.99,0.03,18.55,2.49,8.97,3.39,167.85,5.96,13.13,8.07
3026.0,-21.07,8.74,8.91,8.99,20.44,6.57,11.45,964.21,0.03,17.77,2.48,9.4,3.33,157.87,6.33,13.35,8.22
3026.5,-16.94,8.79,8.91,8.97,21.55,7.06,11.57,963.93,0.05,17.27,2.5,9.63,3.09,148.77,6.72,12.12,8.46
3027.0,-12.76,8.79,8.91,8.99,22.23,8.11,12.61,962.51,0.06,17.43,2.53,9.49,2.87,140.69,7.11,10.53,9.04
3027.5,-8.83,8.81,8.91,9.02,21.23,9.62,13.8,960.22,0.06,18.31,2.54,8.44,2.86,131.88,7.58,9.69,10.1
3028.0,-5.26,8.81,8.91,9.0,20.94,12.63,16.61,958.65,0.04,19.74,2.54,7.15,2.89,122.09,8.19,9.66,11.72
3028.5,-2.2,8.83,8.91,9.0,24.45,15.96,19.69,960.29,0.03,21.24,2.54,6.28,2.89,111.15,9.0,10.08,13.86
3029.0,0.01,8.79,8.91,9.02,28.12,17.62,22.79,964.15,0.01,22.06,2.52,5.97,2.85,99.88,10.01,10.85,16.24
3029.5,1.23,8.74,8.91,9.01,28.75,16.88,21.13,968.43,-0.0,22.85,2.51,6.06,2.83,89.56,11.17,11.47,18.36
3030.0,1.71,8.72,8.91,9.0,26.15,15.51,19.96,972.78,-0.0,24.71,2.52,5.93,2.94,80.99,12.35,11.33,19.78
3030.5,1.44,8.68,8.91,8.97,22.31,16.23,20.67,977.64,-0.0,27.2,2.52,5.21,3.1,76.34,13.1,11.13,20.21
3031.0,0.48,8.69,8.91,8.99,20.67,15.84,22.44,982.04,0.0,29.09,2.53,4.53,3.13,76.07,13.15,10.71,19.45
3031.5,-1.09,8.69,8.91,9.0,20.17,14.98,22.53,984.36,0.01,29.04,2.54,4.44,3.19,79.34,12.6,10.06,17.6
3032.0,-3.47,8.68,8.91,9.0,20.71,12.83,20.15,983.6,-0.0,26.73,2.53,4.77,3.33,85.12,11.75,10.48,15.23
3032.5,-6.81,8.64,8.91,9.0,20.8,12.56,19.09,980.13,-0.01,23.69,2.49,5.58,3.55,92.94,10.76,12.65,12.97
3033.0,-11.02,8.63,8.91,9.0,19.08,14.76,19.98,975.29,-0.0,21.61,2.45,6.56,3.57,101.42,9.86,15.12,11.17
3033.5,-15.43,8.63,8.91,9.01,17.69,15.16,19.64,972.14,0.03,20.75,2.46,7.53,3.37,111.23,8.99,14.56,9.88
3034.0,-19.4,8.63,8.95,9.0,18.29,12.92,17.12,972.45,0.05,20.64,2.5,8.68,3.31,121.14,8.25,12.56,9.01
3034.5,-22.58,8.63,8.95,9.02,19.96,8.74,12.83,976.13,0.05,20.71,2.5,9.72,3.2,130.35,7.67,12.26,8.44
3035.0,-24.79,8.63,8.95,9.0,20.21,6.65,10.18,982.56,0.05,20.59,2.49,10.22,2.94,137.85,7.25,12.8,8.08
3035.5,-26.15,8.64,8.95,9.0,19.72,6.89,10.21,987.42,0.06,20.08,2.51,10.15,2.68,141.84,7.05,11.84,7.88
3036.0,-26.81,8.67,8.95,9.02,19.23,7.29,10.76,988.32,0.07,19.57,2.55,9.68,2.61,142.38,7.02,9.31,7.82
3036.5,-26.98,8.69,8.95,8.98,17.98,7.44,11.05,986.52,0.07,19.75,2.6,9.24,2.75,139.93,7.15,6.56,7.92
3037.0,-26.73,8.7,8.95,8.98,17.75,7.33,10.76,986.53,0.06,20.57,2.63,8.81,3.0,134.92,7.41,4.8,8.19
3037.5,-25.9,8.69,8.95,8.97,16.99,7.4,10.96,990.69,0.05,21.12,2.62,8.31,3.14,128.08,7.81,5.31,8.63
3038.0,-24.16,8.7,8.95,8.99,17.25,9.27,13.64,995.94,0.03,20.67,2.59,7.52,3.19,119.53,8.37,7.08,9.21
3038.5,-21.31,8.73,8.95,9.0,18.85,10.55,15.87,998.57,0.01,19.53,2.55,7.02,3.28,110.33,9.06,9.31,9.93
3039.0,-17.47,8.73,8.95,9.03,22.23,12.63,17.81,996.3,0.0,18.71,2.51,7.07,3.38,102.03,9.8,11.8,10.69
3039.5,-13.07,8.74,8.95,9.03,25.3,14.4,19.14,991.29,0.0,18.51,2.47,7.04,3.26,96.96,10.31,14.22,11.29
3040.0,-8.77,8.74,8.95,9.02,25.14,17.23,19.87,987.04,0.03,18.51,2.44,6.78,2.96,96.71,10.34,15.63,11.42
3040.5,-5.45,8.74,8.95,9.0,24.23,16.82,19.49,985.47,0.09,18.29,2.46,6.96,2.76,102.82,9.73,14.5,10.83
3041.0,-3.95,8.74,8.95,9.0,24.15,16.0,17.85,987.65,0.15,17.81,2.51,7.43,2.73,115.66,8.65,11.82,9.59
3041.5,-4.42,8.74,8.95,9.02,22.94,14.29,17.96,991.25,0.16,16.97,2.53,7.5,2.85,132.87,7.53,10.33,8.09
3042.0,-6.39,8.74,8.95,9.0,21.13,13.21,17.29,993.74,0.09,15.66,2.51,7.94,2.97,150.75,6.63,11.78,6.75
3042.5,-9.19,8.73,8.95,9.03,20.17,10.45,15.32,994.75,0.02,14.39,2.47,9.86,3.11,165.82,6.03,14.08,5.78
3043.0,-12.42,8.73,8.95,9.06,18.9,7.34,11.6,995.56,-0.0,13.7,2.43,12.97,3.23,176.41,5.67,16.6,5.23
3043.5,-15.65,8.73,8.95,9.06,19.66,5.34,8.99,998.17,0.01,13.82,2.4,16.26,3.19,180.89,5.53,18.36,5.07
3044.0,-18.32,8.74,8.95,9.05,21.87,4.55,7.61,1002.05,0.05,14.84,2.42,18.24,2.99,179.26,5.58,16.84,5.25
3044.5,-19.94,8.73,8.95,9.05,23.12,5.4,8.47,1006.7,0.09,16.66,2.48,16.52,2.8,172.7,5.79,13.59,5.77
3045.0,-20.26,8.74,8.95,9.06,22.08,6.94,10.2,1011.96,0.08,18.33,2.52,12.04,2.76,163.14,6.13,11.34,6.58
3045.5,-19.41,8.73,8.95,9.06,20.18,9.09,12.9,1015.53,0.05,18.84,2.53,8.58,2.89,154.76,6.46,10.6,7.44
3046.0,-17.87,8.74,8.95,9.06,21.51,9.37,13.57,1016.06,0.01,18.69,2.54,7.21,3.0,151.65,6.59,10.15,7.88
3046.5,-15.98,8.74,8.95,9.06,22.23,10.66,14.91,1012.37,-0.0,18.28,2.53,7.16,3.05,154.95,6.45,10.36,7.47
3047.0,-14.1,8.71,8.95,9.05,20.13,10.09,14.85,1006.4,-0.0,16.69,2.51,7.48,3.04,163.51,6.12,11.84,6.41
3047.5,-12.49,8.71,8.95,9.04,20.13,9.46,13.68,1001.13,0.01,13.66,2.47,8.28,2.94,173.67,5.76,14.15,5.33
3048.0,-11.06,8.7,8.95,9.06,21.58,7.34,11.25,998.15,0.02,10.77,2.42,11.45,2.95,183.19,5.46,17.17,4.62
3048.5,-9.56,8.7,8.95,9.06,21.53,6.19,8.98,998.73,0.03,9.72,2.38,16.52,2.9,191.08,5.23,19.57,4.34
3049.0,-7.85,8.71,8.95,9.06,21.64,6.76,9.93,1001.27,0.05,10.81,2.37,19.31,2.86,197.02,5.08,19.85,4.44
3049.5,-6.09,8.77,8.95,9.09,22.84,8.07,11.37,1004.12,0.08,12.86,2.41,17.92,2.76,198.44,5.04,17.82,4.91
3050.0,-3.61,8.83,8.95,9.06,24.04,9.61,13.15,1005.38,0.09,14.1,2.45,14.21,2.67,192.89,5.18,15.34,5.67
3050.5,0.14,8.84,8.95,9.06,23.17,12.47,15.93,1004.86,0.08,14.33,2.47,11.25,2.61,179.08,5.58,13.85,6.62
3051.0,4.84,8.89,8.95,9.06,20.57,17.99,18.92,1002.76,0.07,14.51,2.49,10.2,2.57,159.72,6.26,12.93,7.51
3051.5,9.63,8.9,8.95,9.08,20.6,38.24,34.85,999.32,0.07,15.14,2.52,9.88,2.52,140.04,7.14,11.31,8.2
3052.0,13.9,8.9,8.94,9.09,23.93,43.48,34.83,996.33,0.07,15.57,2.56,9.83,2.46,122.85,8.14,8.88,8.74
3052.5,18.2,8.9,8.93,9.09,28.0,43.65,31.97,995.37,0.07,15.26,2.59,9.85,2.47,108.52,9.21,6.74,9.37
3053.0,23.46,8.9,8.93,9.12,33.83,25.17,15.24,995.41,0.05,15.03,2.6,10.23,2.69,96.86,10.32,6.25,10.43
3053.5,29.43,8.9,8.92,9.09,41.3,21.19,14.04,995.67,0.04,16.77,2.59,10.93,3.02,86.41,11.57,6.77,12.21
3054.0,34.87,8.9,8.92,9.09,43.26,25.59,30.89,996.77,0.05,22.33,2.58,10.68,3.31,76.36,13.1,7.37,14.99
3054.5,38.09,8.89,8.92,9.09,36.13,35.81,36.3,998.22,0.08,31.15,2.59,7.98,3.4,66.81,14.97,6.73,18.52
3055.0,38.51,8.9,8.91,9.09,28.78,41.39,43.4,998.83,0.12,38.48,2.65,4.65,3.38,61.27,16.32,3.29,21.13
3055.5,37.36,8.9,8.91,9.11,24.96,35.68,31.06,997.97,0.12,39.03,2.68,3.06,3.47,61.0,16.39,1.52,20.63
3056.0,35.81,8.9,8.92,9.1,24.73,28.31,30.71,996.07,0.07,33.57,2.67,2.95,3.46,66.3,15.08,2.43,17.39
3056.5,34.82,8.9,8.91,9.07,27.1,22.11,26.88,993.4,0.04,26.92,2.66,3.72,3.31,76.22,13.12,2.93,13.73
3057.0,34.98,8.9,8.91,9.09,27.25,17.95,23.82,990.81,0.03,21.75,2.64,4.67,3.44,87.64,11.41,4.17,10.94
3057.5,36.3,8.9,8.91,9.09,28.25,12.68,19.62,989.04,0.03,17.78,2.61,5.76,3.56,97.21,10.29,5.61,9.18
3058.0,38.92,8.9,8.91,9.09,37.77,8.99,13.88,988.17,0.02,14.41,2.6,7.53,3.64,101.24,9.88,6.52,8.4
3058.5,42.86,8.9,8.88,9.09,53.97,7.34,10.03,987.77,0.02,13.35,2.59,10.6,3.68,99.52,10.05,6.85,8.64
3059.0,47.2,8.9,8.89,9.09,67.82,6.36,6.8,989.18,0.02,20.03,2.58,16.75,3.52,93.78,10.66,7.37,10.19
3059.5,50.14,8.9,8.91,9.09,63.97,13.53,13.59,993.88,0.02,40.74,2.59,20.94,3.36,84.8,11.79,6.83,13.94
3060.0,50.88,8.9,8.91,9.06,43.75,28.02,34.29,1000.91,0.03,75.97,2.63,12.51,3.5,72.17,13.86,4.65,22.03
3060.5,50.06,8.9,8.91,9.09,27.6,42.38,59.5,1006.28,0.01,108.09,2.65,3.85,4.05,57.13,17.5,3.23,37.72
3061.0,48.69,8.9,8.91,9.06,20.83,44.75,64.4,1008.34,-0.0,116.29,2.66,1.26,4.91,40.99,24.4,2.95,59.36
3061.5,47.36,8.9,8.91,9.07,18.66,39.22,56.35,1009.55,-0.01,113.52,2.65,0.73,5.62,28.13,35.55,3.48,72.69
3062.0,46.16,8.9,8.91,9.09,18.65,37.45,48.27,1012.27,-0.01,114.07,2.64,0.74,5.9,20.34,49.17,4.38,72.17
3062.5,44.99,8.9,8.91,9.09,19.49,38.72,49.07,1017.47,-0.01,116.52,2.63,0.81,5.93,17.31,57.78,4.84,64.28
3063.0,43.84,8.9,8.91,9.09,19.93,37.96,52.73,1023.33,-0.01,113.12,2.63,0.72,5.55,17.76,56.32,4.44,56.83
3063.5,42.69,8.9,8.92,9.09,19.32,36.65,50.59,1029.24,-0.01,101.54,2.64,0.63,5.11,20.21,49.48,4.09,52.22
3064.0,41.74,8.9,8.97,9.06,20.03,27.09,40.09,1034.84,-0.0,89.32,2.63,0.66,4.88,23.12,43.25,4.49,50.14
3064.5,41.11,8.88,8.94,9.06,21.94,35.17,35.3,1038.35,0.01,79.93,2.63,0.83,4.87,25.56,39.12,4.63,48.75
3065.0,40.66,8.84,8.94,9.06,21.81,41.5,39.77,1036.36,0.03,72.2,2.65,0.99,5.06,27.26,36.68,3.61,46.82
3065.5,40.27,8.84,8.95,9.06,21.5,51.08,49.39,1027.08,0.01,65.81,2.66,1.02,5.29,28.38,35.24,2.68,44.1
3066.0,39.9,8.84,8.95,9.06,24.78,52.67,49.29,1013.16,-0.0,62.83,2.69,1.02,5.16,29.17,34.28,1.16,41.5
3066.5,39.56,8.84,8.95,9.06,28.88,50.92,47.8,1000.65,0.0,63.3,2.71,1.09,4.86,29.27,34.16,-0.24,39.85
3067.0,39.24,8.84,8.95,9.09,26.3,54.11,50.83,994.57,0.0,63.71,2.72,1.22,4.75,28.84,34.67,-0.56,39.42
3067.5,38.91,8.84,8.95,9.09,21.03,48.85,48.02,994.15,0.0,62.91,2.71,1.31,4.72,28.16,35.51,0.06,40.14
3068.0,38.67,8.84,8.95,9.11,18.12,47.24,41.13,993.62,-0.0,64.14,2.7,1.26,4.6,27.26,36.68,0.72,41.9
3068.5,38.67,8.84,8.95,9.11,17.43,47.32,42.59,988.3,-0.0,69.44,2.69,1.17,4.37,26.31,38.01,1.13,44.41
3069.0,38.87,8.84,8.95,9.09,19.11,45.62,48.24,979.34,-0.01,77.41,2.68,1.02,4.31,25.52,39.18,1.46,46.83
3069.5,39.19,8.84,8.95,9.09,22.48,50.78,58.66,971.82,-0.0,84.48,2.67,0.82,4.52,24.61,40.63,2.25,48.53
3070.0,39.54,8.84,8.97,9.09,23.92,53.83,59.82,972.0,-0.0,85.63,2.65,0.8,4.84,23.3,42.93,3.6,50.07
3070.5,39.81,8.84,8.96,9.03,23.62,44.93,49.3,981.06,0.01,83.53,2.63,0.89,5.22,21.88,45.7,4.66,52.73
3071.0,39.9,8.84,8.9,9.03,24.2,36.86,35.81,996.87,0.03,88.33,2.63,1.1,5.23,20.59,48.56,4.44,57.26
3071.5,39.69,8.84,8.9,9.01,25.43,47.04,43.55,1015.39,0.05,101.51,2.66,1.24,4.95,19.49,51.3,2.66,63.43
3072.0,39.09,8.84,8.89,8.99,26.97,61.95,57.84,1031.33,0.04,112.8,2.68,1.12,4.99,18.8,53.19,1.84,68.55
3072.5,38.34,8.84,8.89,8.97,27.17,67.57,68.7,1042.87,0.01,115.1,2.67,0.82,5.2,18.32,54.58,2.6,69.97
3073.0,37.66,8.84,8.88,8.99,26.22,54.57,59.59,1049.92,-0.0,111.01,2.66,0.69,5.4,18.12,55.2,3.19,67.48
3073.5,37.28,8.83,8.87,8.96,28.01,56.61,62.44,1053.73,-0.0,104.69,2.65,0.66,5.72,18.27,54.75,3.39,62.86
3074.0,37.21,8.83,8.87,8.96,28.75,64.5,65.1,1054.74,0.0,95.62,2.66,0.77,5.82,19.05,52.49,3.04,57.12
3074.5,37.18,8.84,8.87,8.97,27.1,60.24,64.72,1051.55,0.01,84.38,2.68,0.98,5.56,20.73,48.24,2.0,50.63
3075.0,36.94,8.84,8.87,8.98,25.34,61.05,67.87,1043.55,0.0,72.04,2.68,1.17,5.22,22.99,43.5,1.9,43.94
3075.5,36.34,8.84,8.87,8.96,24.93,56.17,69.76,1032.24,-0.0,59.51,2.69,1.35,5.11,25.72,38.88,1.26,37.96
3076.0,35.48,8.83,8.88,8.99,28.26,57.26,66.81,1023.11,-0.0,52.46,2.71,1.54,5.04,28.47,35.12,0.16,33.29
3076.5,34.68,8.83,8.87,8.97,30.45,45.01,53.06,1019.19,-0.0,49.05,2.73,1.82,4.6,30.67,32.6,-1.06,30.08
3077.0,34.28,8.83,8.87,8.96,29.07,41.73,46.74,1018.49,-0.0,46.75,2.73,1.85,4.43,32.0,31.25,-1.29,28.24
3077.5,34.6,8.83,8.88,8.96,28.39,39.28,42.92,1019.86,-0.0,44.45,2.72,2.17,4.72,32.31,30.95,-0.41,27.6
3078.0,35.61,8.83,8.88,8.97,30.87,37.41,38.53,1023.11,-0.0,44.12,2.7,2.48,4.96,32.1,31.16,0.45,27.99
3078.5,36.92,8.83,8.87,8.96,32.08,25.58,35.61,1028.67,-0.0,47.3,2.7,2.79,4.94,32.18,31.08,0.87,29.0
3079.0,38.15,8.83,8.87,8.98,29.74,37.46,50.46,1035.95,-0.0,50.52,2.69,3.09,4.79,33.12,30.19,1.44,29.89
3079.5,39.31,8.83,8.87,8.99,29.56,43.15,57.35,1042.92,-0.01,51.38,2.69,2.98,4.55,34.85,28.69,1.29,29.59
3080.0,40.76,8.83,8.87,8.96,30.4,43.25,50.8,1047.93,-0.01,52.38,2.68,2.7,4.53,37.4,26.74,1.85,27.43
3080.5,42.54,8.83,8.88,8.99,30.14,38.34,38.13,1048.89,-0.02,53.9,2.66,2.54,4.8,39.23,25.49,3.05,24.19
3081.0,44.31,8.83,8.87,8.96,32.75,42.76,46.43,1046.39,-0.01,50.06,2.65,2.2,5.17,39.39,25.39,3.48,21.43
3081.5,45.83,8.84,8.87,8.96,39.19,45.97,47.18,1041.13,-0.01,40.5,2.64,2.11,5.38,38.19,26.18,4.11,20.27
3082.0,46.95,8.83,8.87,8.98,46.7,34.07,36.93,1034.51,-0.01,37.73,2.64,3.31,5.1,36.45,27.44,4.15,21.3
3082.5,47.51,8.84,8.87,8.97,48.34,32.29,24.23,1030.12,-0.0,51.14,2.66,5.06,4.56,34.89,28.66,2.86,25.1
3083.0,47.44,8.84,8.87,8.96,44.23,37.96,32.74,1030.17,0.01,78.92,2.7,4.9,4.3,33.69,29.68,0.84,32.16
3083.5,46.96,8.84,8.85,8.87,36.24,49.26,58.14,1033.63,0.02,107.52,2.72,2.82,4.36,32.0,31.25,-0.39,41.5
3084.0,46.52,8.84,8.85,8.95,29.15,49.6,66.63,1038.65,0.02,122.77,2.72,1.59,4.33,28.74,34.79,-0.71,48.81
3084.5,46.37,8.84,8.85,8.98,25.05,50.07,70.18,1043.61,0.02,119.64,2.72,1.04,4.33,24.52,40.79,-0.56,50.45
3085.0,46.42,8.84,8.86,8.96,23.65,55.15,70.03,1047.57,0.02,100.88,2.71,0.94,4.6,20.68,48.36,-0.07,48.86
3085.5,46.51,8.83,8.86,8.96,26.16,47.62,59.51,1050.07,0.01,85.04,2.69,1.22,4.9,17.97,55.64,0.9,48.07
3086.0,46.27,8.84,8.85,8.98,29.85,40.91,52.03,1051.15,-0.0,88.01,2.68,1.7,4.94,16.66,60.04,1.98,49.83
3086.5,45.34,8.84,8.85,8.94,32.0,30.04,38.82,1051.2,-0.0,107.74,2.66,1.93,5.05,16.64,60.08,3.14,54.17
3087.0,43.75,8.84,8.85,8.99,28.98,48.29,55.65,1049.0,-0.0,128.46,2.64,1.62,5.1,16.77,59.64,3.9,60.02
3087.5,41.81,8.83,8.87,8.93,24.85,57.91,68.43,1044.98,0.0,142.23,2.64,1.15,5.06,16.34,61.21,3.89,66.4
3088.0,39.86,8.83,8.87,8.97,23.21,58.14,66.47,1040.68,0.01,168.52,2.66,0.94,4.97,15.15,66.02,3.15,73.4
3088.5,38.16,8.83,8.87,8.99,23.3,44.47,62.41,1037.41,0.01,222.07,2.66,1.01,4.77,13.63,73.34,2.92,81.98
3089.0,36.76,8.84,8.87,9.0,23.02,37.56,55.46,1034.61,0.01,274.5,2.66,1.15,4.69,12.32,81.19,3.19,92.38
3089.5,35.78,8.83,8.87,8.99,20.44,35.96,61.39,1030.59,0.01,297.37,2.65,1.16,4.85,11.18,89.41,3.34,102.91
3090.0,35.25,8.84,8.87,8.97,17.69,37.37,62.39,1026.85,0.01,295.19,2.64,1.18,5.07,10.29,97.15,4.24,110.75
3090.5,35.0,8.84,8.87,8.96,16.89,36.76,62.69,1024.96,0.0,279.42,2.63,1.22,5.25,9.77,102.33,4.64,114.36
3091.0,34.72,8.84,8.87,8.96,16.76,38.48,65.52,1025.67,0.01,262.83,2.65,1.2,5.28,9.43,106.02,3.66,114.66
3091.5,34.14,8.83,8.87,8.99,18.28,40.33,64.17,1028.31,0.01,254.12,2.67,1.09,5.15,9.27,107.83,2.11,113.44
3092.0,33.14,8.83,8.87,8.98,20.61,53.11,70.89,1030.5,0.02,254.55,2.7,0.92,4.91,9.16,109.14,0.79,112.52
3092.5,31.98,8.84,8.87,8.98,21.59,59.09,73.23,1034.05,0.01,261.67,2.69,0.89,4.78,9.18,108.93,1.02,113.3
3093.0,30.88,8.84,8.87,8.99,18.67,66.12,77.65,1040.2,0.0,274.26,2.66,0.91,4.99,9.27,107.92,2.65,115.55
3093.5,30.02,8.84,8.87,8.97,16.24,70.0,87.37,1047.22,-0.01,290.32,2.64,0.9,5.22,9.45,105.77,3.83,117.27
3094.0,29.53,8.84,8.87,8.96,16.47,81.25,106.9,1051.45,-0.01,298.66,2.64,0.82,5.16,9.64,103.76,4.06,115.49
3094.5,29.38,8.84,8.87,8.99,15.73,83.06,115.36,1052.56,-0.01,282.18,2.65,0.72,5.29,9.69,103.16,3.56,110.16
3095.0,29.51,8.85,8.87,8.99,14.46,70.85,111.35,1053.84,-0.01,240.31,2.66,0.66,5.65,9.57,104.5,2.78,104.47
3095.5,29.69,8.86,8.87,8.98,15.82,54.6,88.99,1055.7,-0.01,203.19,2.68,0.65,5.98,9.43,106.04,2.0,101.8
3096.0,29.66,8.88,8.87,8.96,17.64,39.37,89.22,1058.56,-0.0,195.71,2.67,0.57,6.06,9.35,106.93,2.09,103.49
3096.5,29.24,8.9,8.87,8.96,19.27,45.2,81.07,1061.66,-0.0,214.36,2.68,0.48,5.62,9.23,108.39,2.02,108.54
3097.0,28.48,8.9,8.87,8.99,22.33,40.54,102.29,1063.67,-0.0,237.77,2.69,0.44,5.23,9.24,108.22,1.1,113.45
3097.5,27.58,8.9,8.87,8.96,23.25,46.76,105.98,1064.95,-0.0,247.25,2.7,0.45,5.3,9.27,107.83,0.42,114.23
3098.0,26.74,8.9,8.87,8.99,22.32,48.69,121.13,1067.4,-0.0,238.4,2.7,0.42,5.53,9.41,106.26,0.53,109.78
3098.5,26.02,8.9,8.87,8.98,22.19,59.7,105.16,1072.75,-0.01,218.98,2.7,0.36,5.4,9.74,102.62,0.82,102.35
3099.0,25.44,8.9,8.87,8.94,21.8,52.5,93.57,1079.24,-0.01,198.77,2.69,0.35,4.99,9.93,100.72,0.93,94.58
3099.5,25.13,8.9,8.87,8.96,22.35,49.88,93.94,1082.66,-0.01,181.16,2.69,0.36,4.76,10.12,98.81,1.09,88.36
3100.0,25.16,8.9,8.87,8.99,23.75,58.78,90.37,1080.63,-0.01,168.6,2.68,0.46,4.97,10.2,98.03,1.86,84.63
3100.5,25.31,8.9,8.87,8.99,23.67,77.29,83.45,1074.49,-0.01,165.85,2.67,0.61,5.27,10.2,98.04,2.12,83.55
3101.0,25.15,8.9,8.87,8.96,22.23,83.16,75.78,1068.16,-0.01,174.78,2.68,0.67,5.4,10.09,99.14,1.74,84.49
3101.5,24.41,8.89,8.87,8.96,18.79,80.49,90.8,1065.65,-0.0,192.64,2.69,0.68,5.42,9.9,101.01,1.43,87.98
3102.0,23.15,8.89,8.87,8.97,17.08,72.05,109.41,1067.86,-0.0,212.72,2.7,0.58,5.12,9.83,101.74,0.67,92.74
3102.5,21.89,8.9,8.87,8.98,20.29,64.68,93.58,1074.56,-0.0,229.04,2.7,0.45,4.86,9.89,101.12,0.57,95.49
3103.0,21.08,8.9,8.87,8.96,24.36,45.73,89.47,1083.47,-0.01,238.97,2.69,0.31,5.03,10.37,96.47,1.27,93.37
3103.5,20.74,8.9,8.87,8.99,25.89,31.86,92.77,1088.44,-0.01,237.71,2.69,0.19,5.3,11.26,88.82,1.46,85.66
3104.0,20.83,8.9,8.87,8.97,25.81,35.23,113.2,1086.39,-0.0,214.26,2.7,0.11,5.3,12.49,80.05,0.68,75.23
3104.5,21.45,8.9,8.87,8.96,24.24,51.65,116.07,1080.54,0.0,169.82,2.71,0.13,5.3,13.72,72.89,0.17,65.43
3105.0,22.53,8.9,8.87,8.95,25.97,58.35,88.66,1077.19,0.0,131.09,2.7,0.27,5.45,14.98,66.76,0.68,58.19
3105.5,23.99,8.9,8.87,8.88,32.18,60.97,72.24,1077.74,-0.0,113.37,2.69,0.6,5.6,16.14,61.97,1.44,53.86
3106.0,25.39,8.89,8.87,8.98,35.03,60.33,52.67,1079.3,-0.01,110.39,2.68,1.03,5.66,16.93,59.05,1.84,52.14
3106.5,26.13,8.9,8.87,8.99,31.5,68.4,54.17,1081.2,-0.01,111.62,2.68,1.21,5.57,17.5,57.15,1.91,52.79
3107.0,26.12,8.89,8.87,8.97,30.06,57.17,48.67,1082.86,-0.0,121.07,2.68,1.3,5.42,17.75,56.33,2.0,55.96
3107.5,25.74,8.89,8.87,8.99,30.07,48.16,44.09,1085.51,-0.0,146.67,2.68,1.38,5.29,17.65,56.64,1.97,61.53
3108.0,25.47,8.9,8.87,8.93,27.04,49.82,70.93,1089.72,-0.0,179.62,2.68,1.18,5.36,17.55,56.98,1.97,68.14
3108.5,25.42,8.9,8.87,8.95,25.53,54.08,102.38,1094.44,-0.01,189.22,2.68,0.79,5.48,17.32,57.74,1.84,72.88
3109.0,25.34,8.89,8.87,8.99,25.96,60.76,119.73,1098.37,-0.01,166.0,2.68,0.44,5.49,16.97,58.91,1.71,73.74
3109.5,25.11,8.9,8.87,8.96,26.45,56.04,92.28,1100.2,-0.0,141.84,2.69,0.37,5.31,16.7,59.87,1.06,72.04
3110.0,25.13,8.9,8.87,8.95,26.55,53.9,58.57,1100.44,-0.0,133.71,2.7,0.52,5.17,16.94,59.03,0.79,70.28
3110.5,26.14,8.89,8.87,8.96,27.0,47.38,60.12,1098.88,-0.0,136.7,2.69,0.62,5.07,17.35,57.64,1.13,69.75
3111.0,28.55,8.9,8.87,8.99,27.76,52.98,67.17,1094.3,0.0,139.18,2.69,0.64,4.83,17.87,55.95,0.96,70.66
3111.5,31.85,8.9,8.87,8.95,28.42,57.33,69.8,1088.51,0.01,140.59,2.7,0.7,4.81,18.55,53.92,0.45,72.76
3112.0,34.72,8.9,8.87,8.98,25.87,64.96,62.99,1084.68,0.0,144.67,2.69,0.75,5.03,19.1,52.36,1.06,75.59
3112.5,36.6,8.9,8.87,8.96,23.76,53.3,69.02,1083.54,-0.0,148.16,2.68,0.66,5.12,19.58,51.06,1.8,78.7
3113.0,37.63,8.9,8.87,8.98,24.43,51.68,83.01,1082.97,0.0,151.45,2.68,0.51,5.22,20.14,49.66,1.58,81.65
3113.5,38.18,8.9,8.87,8.97,25.0,56.78,74.53,1080.15,0.01,163.08,2.7,0.48,5.37,20.87,47.92,0.66,83.83
3114.0,38.51,8.9,8.87,8.99,25.56,62.63,79.2,1075.3,0.01,175.1,2.7,0.49,5.61,21.81,45.84,0.65,84.58
3114.5,38.58,8.9,8.87,8.99,28.0,50.02,73.78,1070.6,0.0,168.18,2.7,0.44,5.92,23.01,43.46,0.78,83.97
3115.0,38.24,8.9,8.87,8.99,30.27,38.85,77.54,1069.27,0.0,152.5,2.7,0.41,6.05,24.33,41.09,0.79,82.08
3115.5,37.42,8.9,8.87,8.96,31.59,30.19,69.03,1072.2,0.0,142.9,2.7,0.59,5.56,25.82,38.74,0.31,79.31
3116.0,36.17,8.9,8.87,8.96,31.11,33.86,68.95,1077.14,0.0,137.23,2.7,0.88,5.11,26.97,37.07,0.43,75.65
3116.5,34.87,8.9,8.87,8.96,29.0,37.01,76.71,1083.68,-0.0,129.26,2.7,1.16,4.8,27.3,36.63,0.81,71.26
3117.0,33.91,8.9,8.87,8.89,25.72,56.24,88.17,1090.79,-0.0,118.16,2.69,1.39,4.81,26.33,37.98,1.32,66.27
3117.5,33.59,8.9,8.87,8.93,22.91,70.09,103.06,1094.92,0.0,107.86,2.68,1.62,5.09,24.66,40.55,1.51,61.6
3118.0,33.96,8.9,8.87,8.96,20.51,73.46,126.75,1094.31,0.01,102.4,2.69,1.92,5.44,23.74,42.12,1.18,57.45
3118.5,34.82,8.89,8.88,8.96,20.46,64.48,111.45,1091.02,0.0,108.17,2.68,2.01,5.7,25.87,38.66,1.58,51.83
3119.0,36.07,8.9,8.95,8.97,22.01,53.37,93.11,1089.16,-0.0,125.19,2.68,1.87,5.48,32.78,30.51,1.86,41.46
3119.5,37.7,8.9,8.99,8.99,23.25,50.86,63.03,1089.48,-0.01,134.39,2.68,1.85,5.07,45.66,21.9,1.86,27.88
3120.0,39.85,8.9,8.99,9.01,25.02,63.41,66.89,1090.55,-0.01,112.3,2.69,1.41,4.76,65.47,15.27,1.2,17.08
3120.5,42.45,8.93,8.99,9.05,27.74,57.79,73.54,1091.85,-0.01,68.34,2.7,1.02,4.74,88.32,11.32,0.64,10.75
3121.0,45.11,8.94,9.0,9.09,38.7,41.18,57.72,1094.7,-0.02,33.03,2.68,1.39,4.79,114.06,8.77,1.78,7.41
3121.5,47.64,8.95,9.03,9.12,58.47,11.99,35.35,1101.45,-0.03,15.8,2.62,3.25,4.59,143.25,6.98,5.02,5.66
3122.0,49.93,8.99,9.03,9.09,74.11,6.48,9.62,1110.67,-0.03,10.61,2.56,7.94,4.23,173.71,5.76,8.79,4.71
3122.5,51.86,8.99,9.03,9.09,85.02,5.56,4.58,1120.21,-0.01,10.08,2.53,13.96,3.88,203.69,4.91,10.6,4.18
3123.0,53.42,8.84,9.03,9.11,100.12,5.33,4.37,1127.99,0.0,9.93,2.53,17.52,3.71,229.17,4.36,10.71,3.87
3123.5,54.73,8.84,9.03,9.13,109.92,4.74,3.9,1131.07,0.01,9.14,2.54,18.85,3.55,248.6,4.02,9.8,3.69
3124.0,55.67,8.85,9.03,9.13,108.55,4.55,3.73,1129.43,0.01,8.01,2.55,20.21,3.28,260.62,3.84,9.29,3.6
3124.5,55.89,8.9,9.03,9.13,106.03,4.34,3.49,1125.12,0.01,7.22,2.55,20.88,3.12,266.83,3.75,9.47,3.57
3125.0,55.14,8.9,9.03,9.13,109.21,4.42,3.33,1121.0,0.01,6.98,2.55,21.31,3.1,269.53,3.71,9.53,3.59
3125.5,53.76,8.9,9.03,9.13,108.97,4.53,3.43,1119.9,0.01,7.04,2.53,20.83,3.16,270.33,3.7,10.27,3.62
3126.0,52.26,8.9,9.03,9.12,109.07,4.71,3.68,1122.78,-0.0,7.04,2.52,20.43,3.21,269.78,3.71,10.92,3.62
3126.5,50.96,8.9,9.04,9.11,116.25,4.84,3.96,1126.59,-0.0,6.84,2.52,20.37,3.18,268.09,3.73,10.86,3.6
3127.0,50.01,8.9,9.05,9.16,117.53,4.65,3.78,1126.71,0.0,6.57,2.53,20.14,3.12,265.38,3.77,10.33,3.58
3127.5,49.34,8.9,9.05,9.11,108.96,4.39,3.36,1123.24,0.01,6.44,2.54,20.06,3.14,262.53,3.81,9.74,3.58
3128.0,48.78,8.9,9.06,9.11,101.91,4.15,2.78,1119.4,0.01,6.56,2.53,21.14,3.23,260.64,3.84,10.38,3.61
3128.5,48.09,8.9,9.06,9.15,104.31,4.07,2.6,1116.34,-0.0,6.85,2.52,21.44,3.3,259.65,3.85,11.17,3.67
3129.0,47.13,8.9,9.06,9.16,107.19,4.26,2.78,1114.58,-0.0,7.15,2.52,21.13,3.25,258.73,3.87,11.08,3.74
3129.5,46.08,8.9,9.06,9.16,108.86,4.53,3.03,1113.88,-0.0,7.27,2.52,21.08,3.15,257.29,3.89,10.82,3.8
3130.0,45.27,8.9,9.06,9.19,111.37,4.6,3.16,1113.28,0.01,7.25,2.54,20.4,3.08,254.89,3.92,10.2,3.84
3130.5,44.69,8.9,9.06,9.16,114.9,4.63,3.18,1112.1,0.01,7.22,2.55,20.29,3.13,251.23,3.98,9.5,3.86
3131.0,44.16,8.9,9.05,9.15,117.49,4.5,3.12,1111.69,0.01,7.22,2.55,20.34,3.21,247.23,4.04,9.49,3.89
3131.5,43.84,8.9,9.06,9.15,116.15,4.6,3.15,1111.77,0.01,7.26,2.55,20.22,3.18,243.32,4.11,9.49,3.92
3132.0,43.84,8.9,9.06,9.16,111.68,4.51,3.05,1110.49,0.0,7.37,2.54,20.51,3.16,239.67,4.17,9.91,3.97
3132.5,43.96,8.9,9.06,9.16,111.14,4.4,3.01,1107.8,0.0,7.54,2.53,21.54,3.18,237.16,4.22,10.32,4.04
3133.0,44.06,8.9,9.06,9.16,109.97,4.31,2.99,1103.98,0.01,7.75,2.54,21.81,3.13,235.72,4.24,10.04,4.15
3133.5,44.55,8.9,9.06,9.13,105.83,4.19,2.96,1099.82,0.01,7.88,2.54,21.27,3.09,235.6,4.24,10.01,4.26
3134.0,46.21,8.89,9.06,9.16,103.32,4.29,3.07,1097.04,0.01,7.76,2.54,21.29,3.07,235.94,4.24,9.84,4.36
3134.5,49.07,8.9,9.06,9.16,104.15,4.41,3.23,1098.1,0.01,7.34,2.55,21.27,3.08,234.97,4.26,9.55,4.42
3135.0,52.08,8.9,9.06,9.14,101.8,4.56,3.44,1101.74,0.02,6.74,2.55,21.13,3.16,232.52,4.3,9.4,4.46
3135.5,54.49,8.9,9.06,9.15,104.7,4.41,3.29,1104.88,0.02,6.28,2.56,21.64,3.07,229.22,4.36,8.94,4.49
3136.0,56.25,8.9,9.06,9.16,109.93,4.22,3.08,1105.67,0.02,6.13,2.56,21.72,2.96,226.36,4.42,8.6,4.55
3136.5,57.69,8.9,9.06,9.0,109.62,4.15,2.91,1104.4,0.02,6.32,2.56,21.0,2.98,225.26,4.44,8.65,4.64
3137.0,59.17,8.9,9.06,9.14,108.32,4.27,3.07,1104.1,0.02,6.85,2.56,20.46,3.0,225.65,4.43,8.54,4.74
3137.5,61.01,8.9,9.06,9.17,107.63,4.9,3.88,1106.79,0.02,7.51,2.57,20.11,3.05,226.14,4.42,8.39,4.81
3138.0,63.11,8.9,9.06,9.18,109.35,5.28,4.62,1111.83,0.01,7.89,2.56,20.27,3.11,225.98,4.43,8.72,4.81
3138.5,64.95,8.9,9.07,9.16,110.5,5.42,4.88,1117.38,0.01,7.76,2.55,20.91,3.13,224.77,4.45,9.1,4.77
3139.0,66.16,8.9,9.07,9.16,101.77,4.92,4.3,1121.34,0.01,7.31,2.55,21.59,3.08,222.69,4.49,9.17,4.7
3139.5,66.68,8.9,9.06,9.21,91.34,4.5,3.63,1121.95,0.01,6.92,2.55,21.3,3.04,221.09,4.52,9.37,4.65
3140.0,66.64,8.89,9.06,9.16,90.35,4.56,3.42,1119.8,0.0,6.82,2.54,19.82,3.12,220.72,4.53,9.99,4.66
3140.5,66.02,8.9,9.06,9.16,93.51,5.69,4.06,1115.82,0.0,6.85,2.54,19.47,3.26,221.47,4.52,10.18,4.71
3141.0,64.76,8.9,9.06,9.16,103.74,7.4,4.87,1110.59,0.01,6.69,2.55,19.78,3.2,222.76,4.49,9.33,4.79
3141.5,63.06,8.9,9.06,9.16,113.83,7.62,5.07,1105.97,0.02,6.36,2.56,19.89,3.07,224.25,4.46,8.82,4.86
3142.0,61.07,8.9,9.06,9.16,115.88,6.5,4.55,1104.11,0.01,6.07,2.54,20.06,3.04,225.85,4.43,10.11,4.84
3142.5,58.93,8.9,9.06,9.14,109.89,4.91,3.86,1104.87,-0.0,5.99,2.52,20.79,3.06,227.6,4.39,11.39,4.72
3143.0,56.79,8.9,9.06,9.16,107.67,4.63,3.77,1107.0,-0.0,6.08,2.52,20.65,2.98,229.35,4.36,10.93,4.53
3143.5,54.74,8.9,9.06,9.22,114.02,4.76,3.69,1109.73,0.0,6.17,2.55,20.0,2.9,231.26,4.32,9.24,4.33
3144.0,52.85,8.9,9.06,9.16,115.25,4.84,3.71,1111.61,0.01,6.16,2.57,19.34,2.95,233.41,4.28,8.35,4.18
3144.5,51.1,8.9,9.06,9.16,107.73,4.9,3.64,1111.61,0.0,6.07,2.55,18.35,3.09,235.46,4.25,9.21,4.1
3145.0,49.43,8.9,9.06,9.16,103.95,4.92,3.56,1108.36,0.0,6.06,2.54,18.1,3.27,237.06,4.22,10.13,4.11
3145.5,47.88,8.9,9.06,9.14,98.69,4.79,3.37,1102.3,0.0,6.24,2.54,19.29,3.36,237.96,4.2,10.21,4.21
3146.0,46.54,8.9,9.06,9.13,98.17,4.75,3.32,1097.87,0.0,6.6,2.54,21.04,3.33,237.66,4.21,9.65,4.38
3146.5,45.47,8.9,9.06,9.15,105.45,4.96,3.62,1100.5,0.01,6.94,2.55,21.15,3.32,235.67,4.24,9.12,4.57
3147.0,44.7,8.9,9.06,9.1,109.56,5.45,3.93,1109.41,0.01,6.87,2.55,19.63,3.29,231.15,4.33,9.11,4.73
3147.5,44.23,8.9,9.06,9.13,105.83,5.72,4.23,1118.32,0.01,6.41,2.55,18.45,3.26,223.13,4.48,9.36,4.87
3148.0,43.97,8.9,9.06,9.16,100.88,5.28,4.06,1122.81,0.01,5.92,2.55,18.35,3.3,212.6,4.7,9.63,5.03
3148.5,43.84,8.89,9.06,9.16,105.53,4.86,3.92,1121.85,0.01,5.65,2.54,18.17,3.31,200.38,4.99,9.75,5.29
3149.0,43.77,8.9,9.06,9.14,114.38,4.68,3.86,1117.98,0.01,5.9,2.54,18.66,3.33,187.75,5.33,9.66,5.71
3149.5,43.71,8.9,9.06,9.13,115.1,4.95,3.88,1114.25,0.01,6.65,2.54,19.87,3.47,174.7,5.72,10.18,6.35
3150.0,43.64,8.89,9.06,9.15,111.39,4.81,3.96,1111.61,-0.0,7.63,2.52,19.85,3.6,161.23,6.2,11.35,7.18
3150.5,43.55,8.87,9.06,9.16,105.12,4.83,4.43,1111.46,-0.0,8.7,2.5,20.24,3.62,148.4,6.74,12.2,8.18
3151.0,43.51,8.87,9.06,9.19,101.98,4.97,4.78,1113.64,0.0,9.07,2.5,22.41,3.51,135.84,7.36,12.06,9.24
3151.5,43.56,8.87,9.06,9.19,105.78,5.16,4.95,1117.54,0.0,8.42,2.51,24.33,3.34,125.03,8.0,11.73,10.19
3152.0,43.74,8.86,9.06,9.16,104.02,5.28,4.57,1122.2,0.0,8.06,2.51,24.26,3.22,115.74,8.64,11.43,10.84
3152.5,44.1,8.86,9.06,9.16,106.57,5.2,4.37,1125.42,0.01,7.94,2.52,23.6,3.19,109.34,9.15,11.09,11.1
3153.0,44.76,8.86,9.05,9.16,109.18,5.3,4.41,1125.14,0.01,7.54,2.53,24.12,3.22,105.35,9.49,10.7,10.99
3153.5,45.75,8.86,9.04,9.14,107.71,5.01,4.24,1119.83,0.01,8.05,2.53,24.38,3.31,103.71,9.64,10.78,10.59
3154.0,46.86,8.86,9.04,9.16,107.13,4.73,3.86,1111.39,0.01,10.31,2.53,24.12,3.39,104.79,9.54,10.78,10.03
3154.5,47.86,8.86,9.04,9.16,110.08,4.54,3.3,1102.64,0.02,11.61,2.54,23.58,3.42,108.85,9.19,9.96,9.4
3155.0,48.58,8.86,9.04,9.15,112.93,4.25,2.81,1095.68,0.02,11.84,2.55,23.3,3.42,116.33,8.6,9.11,8.74
3155.5,49.05,8.86,9.04,9.15,105.7,3.97,2.55,1092.07,0.02,11.32,2.57,23.8,3.37,127.88,7.82,8.35,8.07
3156.0,49.37,8.86,9.03,9.14,99.67,4.2,2.55,1089.46,0.02,10.44,2.57,24.03,3.34,142.8,7.0,8.01,7.35
3156.5,49.5,8.86,9.03,9.1,105.27,4.23,2.59,1087.72,0.01,9.47,2.57,24.43,3.38,160.16,6.24,8.42,6.58
3157.0,49.41,8.86,9.03,9.1,108.53,4.25,2.59,1087.11,0.0,8.45,2.55,24.9,3.47,177.45,5.64,9.3,5.81
3157.5,49.22,8.86,9.03,9.13,111.31,3.64,2.49,1086.05,-0.0,7.55,2.54,25.84,3.53,192.65,5.19,9.99,5.14
3158.0,49.02,8.86,9.03,9.13,120.17,3.58,2.46,1085.14,-0.01,6.88,2.52,26.72,3.52,205.61,4.86,11.08,4.64
3158.5,48.82,8.86,9.03,9.13,130.8,3.58,2.45,1084.57,-0.01,6.6,2.5,25.9,3.46,217.17,4.6,12.02,4.34
3159.0,48.6,8.86,9.03,9.15,138.09,3.69,2.46,1083.56,-0.01,6.73,2.51,24.14,3.23,226.61,4.41,11.48,4.21
3159.5,48.39,8.86,9.03,9.16,139.6,4.2,2.83,1078.83,-0.0,7.08,2.53,22.91,3.11,232.35,4.3,10.58,4.22
3160.0,48.1,8.86,9.03,9.16,132.22,4.71,3.25,1071.64,-0.0,7.3,2.53,21.79,3.15,234.27,4.27,10.31,4.3
3160.5,47.73,8.86,9.03,9.13,121.16,5.16,3.64,1065.49,-0.0,7.35,2.54,21.44,3.12,231.82,4.31,9.82,4.43
3161.0,47.29,8.86,9.04,9.13,119.51,5.3,3.76,1062.86,0.01,7.38,2.56,21.84,3.13,226.34,4.42,8.98,4.57
3161.5,46.85,8.86,9.03,9.13,119.34,5.42,3.84,1065.73,0.01,7.49,2.56,21.49,3.27,219.36,4.56,8.86,4.7
3162.0,46.52,8.86,9.03,9.13,120.88,5.53,3.9,1073.52,0.01,7.7,2.55,21.31,3.49,212.97,4.7,9.37,4.8
3162.5,46.39,8.86,9.03,9.15,126.1,5.58,3.98,1083.5,0.01,7.87,2.54,21.91,3.59,208.14,4.8,9.95,4.86
3163.0,46.53,8.86,9.03,9.13,125.74,5.73,4.16,1091.59,0.01,7.88,2.53,21.59,3.51,204.71,4.88,10.24,4.88
3163.5,46.94,8.86,9.03,9.13,121.68,5.75,4.15,1095.14,0.0,7.75,2.53,21.27,3.38,202.9,4.93,10.41,4.87
3164.0,47.47,8.86,9.03,9.13,122.07,5.62,4.02,1092.18,0.0,7.68,2.53,22.04,3.33,202.48,4.94,10.39,4.86
3164.5,47.91,8.86,9.03,9.14,128.45,5.52,3.92,1084.34,0.0,7.74,2.54,22.58,3.43,203.35,4.92,10.18,4.84
3165.0,48.19,8.86,9.03,9.15,138.91,5.66,4.02,1073.48,0.0,7.8,2.53,22.25,3.54,205.16,4.87,10.76,4.82
3165.5,48.29,8.86,9.03,9.13,143.13,5.67,4.08,1062.42,0.0,7.75,2.52,22.23,3.58,207.34,4.82,10.98,4.77
3166.0,48.27,8.86,9.03,9.15,134.44,5.51,3.93,1054.09,0.01,7.6,2.55,22.84,3.4,209.12,4.78,9.15,4.72
3166.5,48.2,8.86,9.03,9.14,121.79,5.29,3.74,1049.29,0.02,7.49,2.58,23.51,3.21,210.48,4.75,7.48,4.67
3167.0,48.17,8.85,9.03,9.16,119.11,5.18,3.64,1047.39,0.02,7.48,2.58,23.57,3.27,211.29,4.73,7.83,4.65
3167.5,48.18,8.86,9.03,9.15,123.13,5.19,3.64,1046.58,0.01,7.5,2.56,22.89,3.38,211.6,4.73,8.99,4.66
3168.0,48.14,8.86,9.04,9.14,129.39,5.3,3.69,1046.33,0.0,7.55,2.54,22.81,3.38,211.05,4.74,9.92,4.7
3168.5,47.98,8.86,9.06,9.13,133.01,5.36,3.74,1045.56,-0.0,7.59,2.53,23.54,3.46,209.33,4.78,10.66,4.77
3169.0,47.71,8.86,9.06,9.12,140.4,5.35,3.74,1044.18,-0.0,7.66,2.53,24.63,3.6,206.4,4.85,10.76,4.88
3169.5,47.33,8.86,9.07,9.13,150.5,5.25,3.77,1043.34,0.01,7.78,2.54,25.32,3.57,202.3,4.94,9.99,5.02
3170.0,46.77,8.86,9.07,9.15,153.52,5.12,4.28,1043.89,0.01,8.0,2.55,25.22,3.4,196.86,5.08,9.57,5.19
3170.5,46.06,8.86,9.07,9.13,145.03,5.34,4.45,1046.01,0.01,8.29,2.54,24.68,3.29,190.3,5.25,10.16,5.41
3171.0,45.2,8.86,9.07,9.14,134.24,5.75,4.7,1050.8,0.0,8.58,2.53,24.57,3.3,182.65,5.48,10.67,5.67
3171.5,44.22,8.86,9.07,9.16,131.01,6.41,4.58,1057.65,-0.0,8.91,2.52,24.58,3.37,174.71,5.72,10.84,5.99
3172.0,43.07,8.86,9.07,9.16,131.05,6.67,4.78,1064.11,0.0,9.41,2.53,23.61,3.45,166.85,5.99,10.74,6.37
3172.5,41.77,8.86,9.07,9.16,126.64,7.27,5.38,1067.65,-0.0,10.1,2.53,22.59,3.45,159.08,6.29,10.7,6.77
3173.0,40.47,8.86,9.07,9.16,125.1,7.83,5.98,1067.88,-0.0,10.73,2.53,21.44,3.4,151.65,6.59,10.77,7.16
3173.5,39.44,8.86,9.07,9.16,125.07,8.52,6.82,1065.86,-0.01,11.08,2.52,21.36,3.48,145.08,6.89,10.85,7.49
3174.0,38.83,8.85,9.07,9.18,124.03,8.71,7.06,1062.84,-0.01,11.22,2.52,22.38,3.63,139.29,7.18,10.86,7.76
3174.5,38.58,8.85,9.07,9.16,121.22,9.01,7.41,1060.67,-0.01,11.39,2.52,22.07,3.71,134.82,7.42,11.1,7.97
3175.0,38.53,8.86,9.07,9.16,120.91,9.24,7.68,1059.31,-0.01,11.71,2.52,20.85,3.69,132.02,7.57,11.14,8.13
3175.5,38.49,8.86,9.07,9.16,119.34,9.43,7.98,1059.08,-0.01,12.02,2.53,20.32,3.49,130.92,7.64,10.35,8.2
3176.0,38.35,8.86,9.07,9.16,116.84,9.68,8.21,1060.69,-0.0,12.13,2.55,19.69,3.4,131.02,7.63,9.34,8.16
3176.5,38.28,8.86,9.07,9.16,116.48,9.95,8.31,1063.99,0.01,11.91,2.56,18.83,3.48,132.17,7.57,8.62,8.01
3177.0,38.39,8.86,9.07,9.14,116.76,9.78,7.98,1067.73,0.01,11.52,2.57,18.75,3.56,133.96,7.46,8.23,7.8
3177.5,38.6,8.86,9.07,9.16,123.32,9.37,7.75,1070.85,0.0,11.19,2.57,19.33,3.63,136.4,7.33,8.25,7.57
3178.0,38.77,8.86,9.07,9.15,132.29,8.87,7.38,1072.58,-0.0,10.94,2.56,19.77,3.74,139.57,7.16,8.98,7.35
3178.5,38.83,8.86,9.07,9.15,135.75,8.71,7.35,1072.19,-0.01,10.74,2.55,20.27,3.78,143.04,6.99,9.12,7.15
3179.0,38.84,8.86,9.07,9.14,136.22,8.54,6.94,1070.2,-0.0,10.54,2.57,20.92,3.58,146.83,6.81,8.24,6.96
3179.5,38.86,8.85,9.07,9.16,138.11,8.32,6.6,1068.34,0.0,10.32,2.59,21.76,3.39,150.35,6.65,7.08,6.78
3180.0,38.91,8.86,9.07,9.22,135.09,8.14,6.42,1068.71,0.01,10.07,2.6,21.11,3.39,153.34,6.52,6.37,6.62
3180.5,38.98,8.86,9.07,9.16,123.0,7.87,6.25,1070.73,0.01,9.86,2.59,20.72,3.54,156.02,6.41,6.85,6.5
3181.0,39.12,8.86,9.07,9.16,116.12,7.84,6.18,1072.93,-0.0,9.75,2.57,21.49,3.7,158.01,6.33,8.24,6.39
3181.5,39.27,8.86,9.07,9.16,122.46,7.87,6.05,1073.91,-0.0,9.69,2.56,22.97,3.81,159.48,6.27,8.93,6.33
3182.0,39.38,8.86,9.07,9.16,127.97,7.79,5.92,1073.7,0.0,9.66,2.57,23.93,3.76,160.73,6.22,8.47,6.29
3182.5,39.37,8.86,9.08,9.16,133.16,7.68,5.9,1072.62,0.01,9.63,2.58,23.82,3.67,161.75,6.18,7.39,6.26
3183.0,39.26,8.86,9.07,9.19,135.85,7.6,5.88,1070.28,0.02,9.59,2.59,24.16,3.72,162.93,6.14,7.28,6.23
3183.5,39.1,8.86,9.08,9.19,135.23,7.53,5.88,1066.92,0.02,9.55,2.58,24.26,3.79,164.09,6.09,7.36,6.19
3184.0,38.91,8.86,9.08,9.17,134.65,7.37,5.73,1062.78,0.03,9.49,2.6,24.69,3.83,165.52,6.04,6.6,6.12
3184.5,38.67,8.86,9.08,9.18,140.1,7.15,5.56,1059.25,0.03,9.39,2.6,25.14,3.82,167.17,5.98,6.51,6.03
3185.0,38.37,8.86,9.08,9.14,147.56,7.25,5.55,1058.19,0.02,9.26,2.59,25.23,3.71,168.9,5.92,6.78,5.94
3185.5,37.96,8.86,9.13,9.16,143.93,7.31,5.55,1060.55,0.01,9.15,2.58,25.43,3.6,170.82,5.85,7.39,5.85
3186.0,37.44,8.86,9.08,9.16,132.63,7.39,5.63,1065.86,0.0,9.02,2.56,25.57,3.55,172.95,5.78,8.62,5.78
3186.5,36.9,8.86,9.08,9.16,128.22,6.53,5.4,1072.99,0.01,8.95,2.56,25.44,3.57,174.94,5.72,8.92,5.73
3187.0,36.58,8.86,9.07,9.16,129.47,6.14,5.23,1080.69,0.02,8.91,2.57,25.15,3.61,176.7,5.66,8.09,5.68
3187.5,36.69,8.86,9.07,9.16,133.2,6.06,5.11,1087.43,0.02,8.86,2.58,24.99,3.67,178.03,5.62,7.73,5.65
3188.0,36.97,8.86,9.08,9.16,134.4,6.27,4.97,1091.61,0.01,8.83,2.57,25.36,3.7,179.13,5.58,8.1,5.62
3188.5,37.32,8.86,9.09,9.16,134.3,6.41,4.9,1092.78,0.0,8.85,2.57,26.0,3.66,179.97,5.56,8.27,5.59
3189.0,37.78,8.86,9.09,9.13,137.02,6.27,4.75,1091.32,0.0,8.88,2.57,25.9,3.51,180.95,5.53,8.26,5.56
3189.5,38.26,8.87,9.09,9.16,138.32,6.58,4.83,1088.54,0.01,8.88,2.57,25.97,3.42,181.99,5.49,8.19,5.52
3190.0,38.7,8.87,9.09,9.16,134.09,6.62,4.85,1085.66,0.01,8.85,2.58,26.55,3.43,183.0,5.46,7.48,5.48
3190.5,38.98,8.87,9.09,9.16,128.95,6.81,4.89,1083.08,0.02,8.8,2.6,26.43,3.46,183.98,5.44,6.44,5.43
3191.0,39.07,8.86,9.09,9.17,120.75,6.82,4.87,1080.48,0.02,8.73,2.61,25.66,3.49,184.99,5.41,5.73,5.39
3191.5,38.91,8.87,9.08,9.13,120.01,6.83,4.87,1078.17,0.02,8.62,2.6,26.05,3.53,185.79,5.38,6.58,5.35
3192.0,38.43,8.87,9.08,9.08,126.75,6.28,4.76,1075.91,0.01,8.52,2.57,26.78,3.61,186.59,5.36,8.27,5.34
3192.5,37.73,8.86,9.11,9.13,127.01,5.41,4.41,1074.23,0.0,8.5,2.55,27.28,3.7,187.47,5.33,9.35,5.36
3193.0,37.27,8.86,9.04,9.13,131.59,5.3,4.42,1075.77,0.02,8.56,2.56,27.3,3.7,188.24,5.31,8.74,5.37
3193.5,37.29,8.86,9.04,9.13,143.78,5.67,4.49,1080.32,0.02,8.63,2.57,26.49,3.75,188.99,5.29,7.98,5.37
3194.0,37.53,8.87,9.03,9.13,151.87,6.71,5.04,1085.43,0.01,8.59,2.57,26.05,3.91,189.4,5.28,8.31,5.35
3194.5,37.55,8.87,9.03,9.11,150.37,5.83,4.98,1087.1,0.0,8.51,2.55,25.86,3.94,189.39,5.28,9.16,5.34
3195.0,37.42,8.86,9.03,9.1,144.95,5.34,4.94,1085.08,0.01,8.48,2.55,26.5,3.77,189.23,5.28,9.48,5.34
3195.5,37.64,8.85,9.03,9.13,132.26,5.23,4.77,1082.04,0.02,8.53,2.56,26.98,3.6,189.23,5.28,8.6,5.34
3196.0,38.35,8.86,9.03,9.1,120.75,6.16,4.74,1081.27,0.03,8.6,2.58,27.04,3.67,189.6,5.27,7.8,5.35
3196.5,39.16,8.86,9.03,9.13,128.5,6.64,4.74,1085.18,0.01,8.62,2.57,26.99,3.92,190.01,5.26,8.47,5.34
3197.0,39.8,8.86,9.03,9.13,139.74,6.55,4.63,1091.96,-0.0,8.6,2.55,26.28,3.94,190.34,5.25,9.07,5.32
3197.5,40.27,8.87,9.03,9.13,143.01,6.55,4.57,1098.4,-0.0,8.58,2.56,25.65,3.88,190.88,5.24,8.77,5.3
3198.0,40.61,8.87,9.03,9.13,138.94,6.47,4.49,1101.52,-0.0,8.56,2.57,26.98,3.87,191.46,5.22,8.27,5.29
3198.5,40.83,8.87,9.03,9.13,129.3,6.39,4.45,1102.18,-0.0,8.54,2.57,28.19,3.86,191.77,5.21,7.95,5.28
3199.0,41.01,8.87,9.03,9.13,127.22,6.27,4.41,1101.39,-0.0,8.52,2.58,26.84,3.83,192.24,5.2,7.8,5.27
3199.5,41.16,8.87,9.03,9.11,129.65,6.34,4.44,1099.72,-0.0,8.51,2.58,25.76,3.63,192.69,5.19,7.67,
3200.0,,,,,,,,,,,,,,,,,
